name,usn,batch,branch,tenth_percentage,twelfth_percentage,cgpa,backlogs,aptitude_score,logical_score,communication_score,english_score,programming_skill,dsa_skill,database_skill,web_skill,ml_skill,cloud_skill,num_projects,num_certifications,hackathons,paper_publications,internship_done,internship_months,internship_stipend,leadership_score,teamwork_score,gd_score,placed,package_lpa
Aarav Sharma,1VB21IS000,2021,ISE,55.5,52.8,6.91,0,54.0,46.5,57.0,43.7,4.0,2.4,4.9,2.4,1.2,0.6,2,6,3,1,0,0,0,6.0,7.9,9.8,0,0.0
Aditya Verma,1VB22EC001,2022,ECE,91.5,88.7,9.14,0,68.1,55.1,76.4,68.4,8.9,7.7,8.7,8.0,9.2,4.8,2,7,2,1,1,2,25300,4.0,8.3,10.0,1,19.65
Akash Patel,1VB20CV002,2020,CIVIL,88.5,56.6,8.02,0,58.0,61.0,67.3,61.2,5.8,7.0,5.4,4.6,4.2,3.8,2,2,1,0,1,5,14100,4.3,6.6,,0,0.0
Amit Nair,1VB20EC003,2020,ECE,69.9,61.7,7.19,1,69.7,35.4,55.8,54.0,7.3,5.3,6.5,3.6,2.9,5.5,2,2,0,3,0,0,0,9.4,6.2,6.9,1,14.78
Ananya Reddy,1VB20EE004,2020,EEE,50.5,58.2,4.59,3,50.3,24.7,69.3,46.8,4.8,4.3,3.4,2.0,0.3,2.7,0,0,1,0,0,0,0,7.6,6.4,8.4,0,0.0
Anjali Kumar,1VB20AI005,2020,AIML,51.9,87.7,6.22,0,50.5,34.1,59.1,62.9,6.8,2.8,5.5,7.4,5.8,7.7,3,3,0,0,0,0,0,5.8,3.9,10.0,0,0.0
Arjun Singh,1VB22CS006,2022,CSE,81.3,75.2,6.66,0,71.5,47.6,69.5,56.7,6.0,5.0,6.0,3.9,5.1,3.8,1,0,1,0,0,0,0,5.5,6.1,10.0,1,15.69
Aryan Rao,1VB22AI007,2022,AIML,80.6,85.2,7.48,0,51.4,62.6,61.1,42.4,7.6,5.0,6.6,6.0,5.5,4.1,4,2,1,0,1,1,19100,7.7,5.3,9.0,1,17.24
Ashok Joshi,1VB21CS008,2021,CSE,84.4,68.8,7.88,0,78.0,73.3,36.6,30.7,5.6,4.9,4.0,4.7,3.4,2.7,3,1,1,1,1,1,15900,5.4,7.5,7.8,1,17.47
Bhavana Gupta,1VB21AI009,2021,AIML,65.3,74.7,6.99,0,55.5,58.8,65.3,56.8,2.2,0.0,2.6,0.0,2.0,2.0,6,2,1,1,1,2,10600,7.0,7.8,8.0,0,0.0
Charan Iyer,1VB20CV010,2020,CIVIL,65.4,61.0,6.44,0,72.1,63.1,77.5,78.1,4.0,4.3,2.2,4.6,3.5,3.0,3,2,2,0,0,0,0,4.3,5.8,9.9,0,0.0
Chinmay Pillai,1VB22DS011,2022,DS,77.7,81.9,7.42,0,65.1,56.2,86.7,90.3,9.4,7.6,9.1,6.2,9.3,6.9,4,4,1,0,0,0,0,8.0,6.4,10.0,1,22.0
Deepa Menon,1VB21CV012,2021,CIVIL,58.5,61.2,5.58,0,28.9,54.2,76.5,65.8,4.7,3.1,3.3,4.8,3.7,3.0,2,1,0,0,0,0,0,6.4,8.6,10.0,0,0.0
Deepak Naidu,1VB22CS013,2022,CSE,58.9,35.7,5.34,1,43.8,54.4,59.3,,5.2,3.9,4.9,6.2,4.0,3.1,6,2,0,0,0,0,0,6.3,6.5,8.4,0,0.0
Divya Hegde,1VB22EC014,2022,ECE,39.9,35.0,4.0,1,12.9,22.5,65.8,68.8,4.9,3.8,4.5,3.2,2.9,3.4,3,2,0,0,0,0,0,6.5,7.9,10.0,0,0.0
Ganesh Gowda,1VB21CS015,2021,CSE,80.2,59.1,6.48,0,75.6,66.6,72.7,66.2,3.7,2.7,2.9,3.7,2.0,2.7,0,4,2,0,0,0,0,6.7,7.3,10.0,0,0.0
Geeta Patil,1VB21IS016,2021,ISE,64.3,65.1,7.6,0,,71.2,51.2,54.7,7.3,6.9,6.0,7.0,3.8,4.2,2,2,0,1,1,6,22000,5.2,6.8,7.9,1,18.82
Gopal Shinde,1VB20ME017,2020,MECH,76.1,73.0,7.43,0,61.8,40.0,47.4,22.9,5.1,3.5,4.7,4.2,2.6,5.2,3,1,2,1,0,0,0,4.3,6.6,9.2,0,0.0
Harish More,1VB22EC018,2022,ECE,50.7,62.5,5.5,2,37.7,44.4,57.4,48.5,2.5,1.7,2.1,0.4,4.5,0.2,1,2,2,1,0,0,0,6.0,5.0,7.7,0,0.0
Harsha Desai,1VB22ME019,2022,MECH,83.2,87.6,8.57,0,65.0,64.9,64.0,57.4,5.7,5.7,5.2,3.6,1.0,4.9,2,1,1,1,0,0,0,9.3,9.2,9.1,0,0.0
Hemanth Bhat,1VB20DS020,2020,DS,35.0,35.0,4.0,2,44.8,10.0,47.1,23.8,7.1,5.7,6.4,3.9,5.1,3.8,4,2,1,0,0,0,0,4.8,8.6,8.3,0,0.0
Indu Kamath,1VB20AI021,2020,AIML,55.1,63.4,5.7,2,46.7,48.6,70.4,54.0,8.3,8.8,7.7,5.3,5.9,5.8,3,4,1,1,0,0,0,7.7,6.7,10.0,1,20.24
Jagadish Shetty,1VB22CS022,2022,CSE,73.5,61.7,6.2,0,49.7,37.8,100.0,100.0,7.2,6.8,7.1,7.7,7.0,6.9,1,2,2,0,0,0,0,5.2,3.6,10.0,1,16.23
Jaya Murthy,1VB20IS023,2020,ISE,66.8,73.9,6.36,0,76.3,65.1,43.2,56.7,6.6,5.3,5.9,7.7,6.3,6.0,2,3,0,1,0,0,0,7.2,5.6,8.0,1,13.51
Karthik Kulkarni,1VB20EE024,2020,EEE,63.3,56.1,5.63,1,46.8,58.6,66.3,59.2,6.7,7.9,6.8,6.3,2.6,4.7,5,3,0,0,0,0,0,3.6,10.0,9.7,0,0.0
Kavitha Deshpande,1VB22AI025,2022,AIML,63.1,64.3,5.66,1,60.9,,76.4,52.9,8.2,6.7,7.1,5.3,5.1,1.9,6,3,0,1,0,0,0,4.7,9.3,9.0,1,17.5
Kiran Jain,1VB22CV026,2022,CIVIL,60.7,74.4,4.79,2,46.1,33.5,46.5,53.9,4.2,3.3,2.9,5.8,0.3,2.4,2,3,0,0,0,0,0,6.0,4.9,9.6,0,0.0
Kriti Shah,1VB21CS027,2021,CSE,68.1,52.8,6.34,0,66.9,31.2,53.2,47.4,3.6,6.7,2.9,2.4,2.6,0.7,2,1,1,0,0,0,0,6.8,5.4,8.4,0,0.0
Kumar Mehta,1VB21IS028,2021,ISE,53.9,59.0,4.56,2,55.3,30.8,64.6,64.6,2.1,1.4,0.0,2.8,2.3,3.1,2,6,1,0,0,0,0,4.2,6.0,8.9,0,0.0
Lakshmi Tiwari,1VB21EC029,2021,ECE,52.7,43.5,5.98,2,50.1,36.6,52.1,57.2,5.8,5.4,5.2,3.4,2.7,0.8,2,4,1,1,0,0,0,4.2,4.2,10.0,0,0.0
Lavanya Sharma,1VB20EE030,2020,EEE,49.1,48.0,5.54,2,40.8,43.3,81.3,74.6,2.9,0.8,4.1,3.0,0.0,3.6,2,4,1,0,1,5,16300,7.9,7.0,10.0,0,0.0
Lokesh Verma,1VB22EE031,2022,EEE,61.6,82.4,7.73,0,78.6,56.3,38.0,36.6,4.3,4.1,3.8,2.1,3.5,6.5,3,3,0,0,1,4,10400,6.8,7.3,7.1,1,10.99
Madhu Patel,1VB20DS032,2020,DS,77.9,89.8,8.19,0,70.5,57.9,54.3,45.9,3.9,3.7,2.2,2.5,0.0,3.9,3,1,0,0,1,4,13900,7.4,5.9,9.1,1,16.33
Mahesh Nair,1VB21CV033,2021,CIVIL,35.0,35.0,4.32,3,34.1,20.8,57.6,53.5,0.5,4.1,0.0,0.0,0.0,0.0,0,6,2,0,0,0,0,8.1,7.7,10.0,0,0.0
Mala Reddy,1VB22CS034,2022,CSE,46.9,35.0,4.0,1,44.1,71.5,46.3,58.5,7.1,4.4,6.4,7.5,5.6,4.5,1,4,3,1,1,2,20500,3.8,7.1,7.0,0,0.0
Meena Kumar,1VB20EE035,2020,EEE,39.7,52.0,4.0,3,,28.0,65.9,66.9,3.0,2.2,1.0,4.2,2.5,0.0,2,5,2,0,1,5,14600,5.9,6.5,9.5,0,0.0
Mohan Singh,1VB22CV036,2022,CIVIL,56.1,44.3,5.64,1,43.5,33.6,27.8,12.5,4.9,3.2,4.0,1.6,1.1,4.9,3,1,0,0,1,3,14700,4.2,6.4,6.8,0,0.0
Monisha Rao,1VB22ME037,2022,MECH,42.7,57.7,4.52,1,62.7,16.5,68.2,70.2,2.8,1.1,1.6,2.2,1.2,2.7,2,2,2,0,0,0,0,3.8,7.6,10.0,0,0.0
Mukesh Joshi,1VB21AI038,2021,AIML,100.0,96.1,8.08,0,67.1,84.8,59.6,47.1,10.0,9.6,9.9,9.4,9.4,6.2,3,3,2,1,1,1,24100,6.4,7.4,9.4,1,21.03
Naveen Gupta,1VB20IS039,2020,ISE,66.7,49.8,5.64,4,52.1,62.5,75.2,57.8,7.5,4.9,8.1,7.8,5.3,4.7,2,2,0,0,0,0,0,4.7,6.5,10.0,0,0.0
Neha Iyer,1VB21AI040,2021,AIML,59.8,61.6,4.91,2,64.5,62.3,79.1,80.8,4.0,2.9,4.5,3.0,2.6,3.0,2,1,0,1,0,0,0,3.4,7.5,10.0,0,0.0
Nikhil Pillai,1VB20ME041,2020,MECH,35.0,35.0,4.48,2,50.0,18.7,91.0,74.2,3.8,7.6,3.0,2.7,4.4,1.0,3,2,0,1,0,0,0,7.0,3.9,10.0,0,0.0
Nisha Menon,1VB21IS042,2021,ISE,89.0,76.2,7.82,0,62.7,49.6,81.3,74.0,8.4,8.2,7.5,8.2,6.9,4.7,5,2,1,0,1,3,21700,3.7,6.0,10.0,1,17.95
Pallavi Naidu,1VB22EE043,2022,EEE,75.9,77.0,7.49,0,70.5,53.1,61.7,61.0,5.2,3.4,3.3,3.8,2.7,6.1,1,4,0,0,1,1,24700,6.4,9.5,8.2,1,13.06
Pooja Hegde,1VB22AI044,2022,AIML,58.0,47.2,5.42,1,59.2,49.9,80.7,77.4,1.3,1.1,3.0,1.3,0.6,1.3,2,1,2,0,0,0,0,4.2,6.0,10.0,0,0.0
Prabhu Gowda,1VB20AI045,2020,AIML,52.8,49.1,6.93,0,73.1,33.6,88.5,71.8,0.0,2.2,0.1,0.0,0.3,0.0,1,1,0,0,1,3,7700,6.6,5.8,,1,10.13
Prasad Patil,1VB21IS046,2021,ISE,67.5,66.9,6.07,1,,49.6,75.7,74.2,5.2,5.0,5.7,2.6,4.4,1.3,2,3,1,0,0,0,0,4.0,6.8,10.0,1,13.12
Preethi Shinde,1VB22IS047,2022,ISE,100.0,95.4,7.73,0,83.7,59.8,71.0,57.1,3.9,6.3,4.2,2.6,2.0,3.2,4,1,2,0,1,1,12200,4.6,7.8,10.0,1,16.73
Priya More,1VB20IS048,2020,ISE,93.0,89.3,9.91,0,71.9,65.2,72.8,56.8,7.9,9.1,5.1,5.4,3.9,2.8,3,0,3,1,1,5,22800,3.5,10.0,10.0,1,21.95
Rahul Desai,1VB22ME049,2022,MECH,47.4,47.5,4.68,1,47.8,40.3,47.7,39.5,4.2,3.8,2.6,2.5,3.9,2.1,1,1,0,0,0,0,0,6.5,7.6,9.6,0,0.0
Rajesh Bhat,1VB20EC050,2020,ECE,70.3,68.1,8.48,0,52.3,61.4,80.5,67.2,8.5,6.4,9.2,7.3,4.6,6.6,3,0,0,0,1,4,25800,4.2,7.4,9.0,1,20.96
Rakesh Kamath,1VB21CS051,2021,CSE,67.7,100.0,8.65,0,71.4,52.2,75.7,77.5,5.0,4.3,4.9,3.7,4.2,3.5,2,7,2,1,1,2,10000,4.4,6.7,10.0,1,16.04
Ramesh Shetty,1VB21IS052,2021,ISE,35.0,44.5,4.0,2,38.7,54.1,79.2,61.9,0.0,0.0,0.0,1.0,0.0,2.7,2,3,2,0,0,0,0,6.0,9.2,10.0,0,0.0
Ravi Murthy,1VB22CS053,2022,CSE,45.9,56.0,5.19,1,52.1,27.4,86.8,79.7,6.7,6.4,5.7,9.3,5.0,5.4,1,2,1,0,0,0,0,5.7,6.8,10.0,0,0.0
Rekha Kulkarni,1VB20EC054,2020,ECE,74.8,80.0,7.49,0,70.4,81.7,37.3,34.0,7.9,7.7,9.0,7.4,7.6,2.2,1,3,2,1,1,6,23700,7.6,4.4,10.0,1,18.2
Rohan Deshpande,1VB20ME055,2020,MECH,79.9,85.4,7.39,0,64.4,39.1,91.2,86.8,1.3,0.0,1.4,1.7,1.9,1.4,3,1,0,1,0,0,0,9.6,6.6,10.0,0,0.0
Sahana Jain,1VB22CS056,2022,CSE,47.7,40.7,5.23,4,63.1,41.1,31.0,37.3,7.6,5.2,7.0,5.4,5.5,5.4,2,1,0,0,0,0,0,3.7,6.0,7.4,0,0.0
Sandeep Shah,1VB22CV057,2022,CIVIL,88.8,76.3,8.17,0,55.5,88.3,87.3,70.3,3.9,3.7,2.7,3.6,3.4,2.0,4,3,1,1,1,5,12200,5.8,8.6,10.0,0,0.0
Sangeetha Mehta,1VB20CS058,2020,CSE,96.6,79.8,8.22,0,85.4,42.5,50.0,55.3,10.0,10.0,9.7,9.5,6.3,9.5,2,0,2,1,0,0,0,5.8,8.8,9.3,1,21.78
Sanjay Tiwari,1VB22AI059,2022,AIML,61.7,48.9,4.37,0,56.6,48.5,47.5,49.2,6.0,5.0,6.1,1.3,2.2,2.6,3,2,1,0,0,0,0,5.1,6.2,10.0,0,0.0
Santosh Sharma,1VB21EE060,2021,EEE,35.0,50.0,4.25,3,40.6,,64.7,54.7,2.2,2.5,2.0,2.9,2.8,1.6,5,4,2,0,0,0,0,5.6,6.8,8.8,0,0.0
Sarika Verma,1VB21EE061,2021,EEE,87.3,74.0,8.02,0,84.4,68.0,56.1,55.8,9.5,8.2,9.2,8.7,7.5,7.2,5,6,1,0,1,4,27100,7.2,6.5,9.5,1,17.65
Seema Patel,1VB22IS062,2022,ISE,59.5,74.0,7.32,0,70.4,42.2,55.8,,2.7,2.4,3.5,2.7,3.1,2.0,1,2,1,0,1,3,8500,6.9,6.5,10.0,0,0.0
Shilpa Nair,1VB22ME063,2022,MECH,59.9,60.1,6.71,0,46.7,49.1,72.9,55.8,4.4,4.8,4.9,3.2,3.4,0.0,1,1,1,0,0,0,0,2.1,5.4,10.0,0,0.0
Shiva Reddy,1VB22CS064,2022,CSE,73.2,63.3,6.54,0,40.0,58.0,65.8,53.9,10.0,8.2,8.3,7.9,6.9,9.4,4,3,1,1,0,0,0,3.4,3.7,10.0,1,20.51
Shreya Kumar,1VB20CS065,2020,CSE,66.0,69.3,8.24,0,61.4,100.0,68.8,64.8,5.3,3.5,4.4,2.4,6.1,3.4,2,2,2,0,0,0,0,8.4,6.7,10.0,1,12.25
Siddharth Singh,1VB21EE066,2021,EEE,80.9,75.8,7.71,0,69.6,,59.5,43.5,6.7,7.3,4.6,6.7,5.5,9.1,5,3,0,1,1,6,21100,2.9,6.5,10.0,1,16.28
Sneha Rao,1VB22IS067,2022,ISE,95.7,100.0,8.89,0,79.8,89.8,23.0,15.7,5.9,6.3,5.9,3.8,3.0,5.9,3,0,1,2,1,3,20800,7.7,7.3,7.6,1,18.71
Suhas Joshi,1VB22AI068,2022,AIML,47.3,38.4,4.59,2,46.3,43.3,66.3,61.5,10.0,9.5,8.5,8.5,6.0,6.3,1,2,1,0,0,0,0,5.5,9.4,10.0,1,18.83
Sujan Gupta,1VB21EE069,2021,EEE,82.8,83.2,6.84,2,59.4,,59.4,42.6,5.3,3.6,5.2,5.5,2.5,1.3,1,2,4,0,1,1,16300,3.4,6.5,10.0,0,0.0
Suma Iyer,1VB21CS070,2021,CSE,68.2,61.9,7.12,0,79.4,74.8,54.0,47.1,6.6,5.7,6.3,4.3,4.6,3.5,3,3,3,0,0,0,0,7.7,7.3,10.0,1,16.04
Sunitha Pillai,1VB22CV071,2022,CIVIL,54.2,78.7,6.68,0,78.9,60.7,46.0,46.3,5.1,4.3,1.3,3.7,4.2,3.6,3,1,2,1,0,0,0,10.0,6.3,8.6,0,0.0
Suresh Menon,1VB20EC072,2020,ECE,57.0,63.2,7.23,0,57.9,35.0,56.2,57.5,7.9,6.5,7.2,6.6,7.1,2.5,2,1,2,0,0,0,0,7.2,8.8,9.5,1,17.43
Swathi Naidu,1VB22IS073,2022,ISE,70.2,85.4,6.53,0,,44.2,84.1,71.1,5.0,4.4,3.4,5.8,1.8,4.7,4,1,3,2,0,0,0,7.3,8.6,10.0,0,0.0
Tarun Hegde,1VB21CS074,2021,CSE,83.4,88.4,8.26,0,63.3,80.8,81.1,88.0,7.9,6.9,7.6,7.7,3.9,6.4,2,0,1,2,1,6,26800,5.5,4.9,10.0,1,20.22
Tejas Gowda,1VB22EC075,2022,ECE,75.6,67.8,7.1,0,60.3,60.4,75.9,75.2,4.4,3.2,5.0,0.5,2.4,2.6,3,2,0,1,0,0,0,6.3,8.2,10.0,0,0.0
Uday Patil,1VB20EE076,2020,EEE,45.4,35.0,4.07,1,38.0,46.2,29.8,42.4,2.0,1.8,1.3,2.5,2.1,1.0,2,7,1,0,0,0,0,5.0,7.1,9.9,0,0.0
Uma Shinde,1VB21EC077,2021,ECE,64.1,56.9,4.58,2,50.6,10.0,63.7,71.5,2.4,2.4,3.0,1.5,1.9,0.0,2,2,2,0,0,0,0,5.4,2.9,10.0,0,0.0
Varsha More,1VB22EC078,2022,ECE,43.2,66.9,6.55,0,62.5,72.7,73.0,67.9,9.1,8.7,7.6,5.2,4.7,8.4,0,1,0,1,1,4,24300,3.2,7.1,10.0,1,18.52
Vijay Desai,1VB22CV079,2022,CIVIL,80.5,74.4,9.08,0,80.4,73.5,77.1,,6.9,5.3,5.2,5.9,4.6,3.0,3,4,1,0,1,3,19000,5.1,4.6,9.1,1,14.53
Vikas Bhat,1VB21EC080,2021,ECE,45.0,35.0,4.0,4,15.0,40.5,58.0,46.9,3.5,1.3,3.7,1.4,3.5,2.5,1,0,1,1,0,0,0,6.7,5.4,10.0,0,0.0
Vinod Kamath,1VB21EE081,2021,EEE,76.5,76.7,8.94,0,78.7,90.7,77.1,80.0,9.5,8.5,8.6,8.4,8.7,6.0,1,0,3,1,1,4,25700,5.1,6.6,10.0,1,19.53
Vishnu Shetty,1VB22IS082,2022,ISE,65.2,61.7,6.2,0,28.3,50.8,82.9,78.0,6.3,5.9,3.7,6.4,2.5,3.6,3,0,0,0,1,5,23300,5.2,8.1,10.0,1,12.16
Yamini Murthy,1VB20CS083,2020,CSE,62.0,48.6,5.98,2,65.8,73.0,75.1,60.2,10.0,8.8,9.5,5.6,7.2,6.1,1,3,1,0,0,0,0,3.5,6.8,10.0,1,18.85
Yashoda Kulkarni,1VB21CS084,2021,CSE,67.2,46.1,4.0,1,42.7,38.0,47.1,42.8,4.1,4.8,1.7,3.0,0.5,0.0,2,1,1,1,0,0,0,7.3,6.0,10.0,0,0.0
Zoya Deshpande,1VB21CS085,2021,CSE,94.6,85.7,8.67,0,79.8,68.1,65.0,69.3,7.1,4.6,4.1,6.7,4.8,2.7,3,3,0,1,1,4,20500,4.7,4.9,10.0,1,18.99
Riya Jain,1VB20CS086,2020,CSE,88.1,89.9,9.17,0,74.8,61.5,47.5,31.1,2.9,0.1,4.7,2.4,1.9,1.3,1,2,0,1,0,0,0,6.0,7.7,,1,12.04
Manish Shah,1VB20AI087,2020,AIML,91.2,99.5,8.18,0,,64.0,51.5,51.0,8.0,7.8,6.0,6.4,4.5,4.8,1,2,1,0,1,5,27600,2.8,4.2,10.0,1,20.45
Darshan Mehta,1VB22EC088,2022,ECE,73.9,66.0,6.79,0,50.8,55.8,43.7,40.2,5.9,5.7,5.7,2.5,4.2,3.6,2,2,4,2,0,0,0,4.8,7.9,8.8,1,12.47
Keerthi Tiwari,1VB20ME089,2020,MECH,37.9,35.0,4.0,3,23.5,34.7,42.6,25.1,4.5,3.3,5.3,4.4,4.9,3.0,4,1,0,0,0,0,0,6.1,5.4,8.4,0,0.0
Aarav Sharma,1VB21AI090,2021,AIML,60.3,67.3,7.34,0,48.8,60.4,65.1,45.6,9.7,8.2,9.4,8.6,5.5,8.1,1,1,0,0,0,0,0,5.2,6.5,10.0,1,20.95
Aditya Verma,1VB21CV091,2021,CIVIL,76.4,74.6,7.49,0,68.5,48.8,63.5,59.1,5.6,1.4,4.4,4.2,5.0,3.9,6,3,1,0,1,6,16100,6.6,4.5,7.3,0,0.0
Akash Patel,1VB22CS092,2022,CSE,70.1,57.9,7.11,0,40.8,54.0,45.9,34.0,3.8,3.8,4.6,2.1,4.7,4.9,1,1,1,0,0,0,0,3.4,6.8,10.0,0,0.0
Amit Nair,1VB21EC093,2021,ECE,90.3,77.1,8.49,0,72.6,65.6,68.9,63.3,6.8,4.8,5.3,4.1,4.4,4.3,3,3,1,0,0,0,0,2.9,5.4,10.0,1,17.21
Ananya Reddy,1VB20EE094,2020,EEE,82.8,51.0,7.21,0,69.9,48.8,71.6,68.7,7.2,5.5,3.8,4.2,8.3,6.0,1,1,1,0,1,3,25400,6.7,6.8,10.0,1,18.44
Anjali Kumar,1VB22AI095,2022,AIML,48.9,42.7,4.69,4,32.2,,61.5,54.8,7.3,7.4,6.8,7.1,5.1,5.7,1,2,1,0,0,0,0,9.7,6.6,10.0,0,0.0
Arjun Singh,1VB22AI096,2022,AIML,66.1,76.3,6.12,0,35.5,67.2,86.6,80.2,7.0,3.1,6.7,4.2,4.2,2.7,2,3,3,0,0,0,0,6.2,2.1,,1,15.7
Aryan Rao,1VB21CS097,2021,CSE,66.1,72.8,6.49,0,53.9,46.6,78.4,,2.1,1.7,2.8,1.9,0.0,2.4,2,2,0,0,0,0,0,4.9,8.1,10.0,0,0.0
Ashok Joshi,1VB22IS098,2022,ISE,62.0,49.2,4.89,0,21.7,68.2,72.8,49.8,2.8,2.7,0.8,0.0,1.8,0.1,1,2,1,0,0,0,0,3.2,7.3,10.0,0,0.0
Bhavana Gupta,1VB20EE099,2020,EEE,64.1,58.6,5.85,3,71.3,49.4,63.3,59.8,4.7,5.4,4.0,4.9,0.1,1.2,3,2,3,0,0,0,0,5.7,5.4,7.5,0,0.0
Charan Iyer,1VB21CS000,2021,CSE,77.4,74.8,7.01,0,84.2,83.6,55.0,40.1,5.1,4.6,2.7,3.8,3.5,3.4,3,3,2,0,0,0,0,4.8,7.6,10.0,1,14.41
Chinmay Pillai,1VB22CS001,2022,CSE,74.4,66.4,6.19,0,64.6,76.0,59.6,37.5,8.4,6.6,6.1,8.3,6.6,5.3,2,1,1,2,0,0,0,8.3,5.9,9.8,1,18.66
Deepa Menon,1VB22EC002,2022,ECE,45.0,51.1,4.92,3,37.3,41.2,66.4,75.5,4.1,4.0,3.4,2.1,3.8,1.9,5,0,3,1,0,0,0,6.6,6.3,9.7,0,0.0
Deepak Naidu,1VB22CS003,2022,CSE,70.5,51.6,7.1,1,83.3,69.3,34.1,32.7,5.7,6.6,2.8,6.1,4.4,0.3,3,2,0,1,0,0,0,6.1,6.6,8.0,0,0.0
Divya Hegde,1VB22CS004,2022,CSE,85.9,80.0,8.38,0,82.4,77.2,93.3,79.4,6.4,5.2,4.1,7.9,4.5,6.3,1,2,2,0,0,0,0,7.7,7.0,10.0,1,17.08
Ganesh Gowda,1VB20IS005,2020,ISE,35.0,37.1,4.8,1,35.1,30.0,74.1,68.8,4.4,3.3,3.8,2.2,6.3,3.7,0,0,0,0,0,0,0,6.3,6.0,10.0,0,0.0
Geeta Patil,1VB21EC006,2021,ECE,57.5,78.5,5.26,1,73.3,67.7,56.3,50.9,4.1,3.2,4.6,2.0,4.8,3.3,2,0,1,1,0,0,0,6.6,6.8,6.7,0,0.0
Gopal Shinde,1VB21EC007,2021,ECE,80.2,98.6,9.2,0,64.5,59.1,58.8,43.3,8.6,8.2,8.7,7.5,4.9,4.6,1,3,1,1,1,3,26200,8.6,5.7,7.3,1,22.0
Harish More,1VB21ME008,2021,MECH,63.8,72.3,5.31,4,44.5,55.0,56.3,50.8,5.3,3.1,3.4,3.7,2.2,4.1,6,3,3,2,0,0,0,6.7,7.6,10.0,0,0.0
Harsha Desai,1VB20IS009,2020,ISE,73.0,65.1,6.62,1,74.8,26.0,88.4,77.3,6.4,5.0,6.0,4.0,4.6,3.7,3,1,2,0,0,0,0,7.5,8.3,10.0,0,0.0
Hemanth Bhat,1VB21ME010,2021,MECH,95.9,78.7,7.8,0,61.7,79.6,51.9,62.1,5.2,3.8,4.3,4.0,4.8,4.0,3,1,2,1,0,0,0,8.8,5.7,10.0,0,0.0
Indu Kamath,1VB22EC011,2022,ECE,81.9,77.0,8.79,0,82.1,66.7,60.8,47.1,7.8,6.8,4.6,6.8,5.8,5.7,1,1,3,1,1,4,19300,6.2,7.7,7.8,1,18.05
Jagadish Shetty,1VB22EE012,2022,EEE,87.2,70.8,6.81,0,68.4,56.5,51.5,54.3,5.0,3.7,5.2,2.8,3.7,1.5,2,3,2,1,0,0,0,7.0,4.7,10.0,0,0.0
Jaya Murthy,1VB20IS013,2020,ISE,62.1,58.4,7.78,0,59.0,56.3,51.4,40.7,6.2,3.4,6.1,5.1,2.3,3.9,1,0,0,0,1,5,21900,7.1,8.0,9.7,1,15.81
Karthik Kulkarni,1VB22CS014,2022,CSE,83.2,80.4,8.1,0,88.6,62.7,91.3,74.3,9.0,8.4,6.3,8.2,4.3,6.5,2,0,1,0,1,6,17500,6.0,6.4,10.0,1,22.0
Kavitha Deshpande,1VB22AI015,2022,AIML,97.4,78.1,8.74,0,59.8,58.9,51.1,50.2,8.5,9.2,8.3,8.0,5.8,8.0,2,2,1,0,1,6,22200,5.9,8.4,10.0,1,22.0
Kiran Jain,1VB21CS016,2021,CSE,58.7,54.6,6.76,0,60.8,75.5,79.3,82.1,6.5,5.2,5.3,3.1,2.0,1.7,1,0,1,1,1,1,14800,8.0,7.5,10.0,1,15.26
Kriti Shah,1VB21ME017,2021,MECH,37.7,35.0,4.68,0,21.7,10.0,51.2,46.5,2.1,2.1,2.1,0.7,1.9,1.4,0,2,2,0,1,1,7900,5.5,8.5,8.9,0,0.0
Kumar Mehta,1VB20EC018,2020,ECE,82.0,51.0,6.66,0,36.4,53.8,32.4,22.2,6.7,3.7,5.0,5.8,4.4,7.0,3,0,2,0,0,0,0,9.0,5.6,,0,0.0
Lakshmi Tiwari,1VB20IS019,2020,ISE,45.6,67.9,7.1,0,62.8,63.9,67.8,58.6,9.6,8.2,6.7,9.7,4.6,7.3,4,1,1,0,1,5,25900,7.3,9.5,10.0,1,19.75
Lavanya Sharma,1VB22CS020,2022,CSE,65.5,82.7,7.32,0,55.1,72.0,80.1,79.7,5.4,3.9,5.2,4.9,2.7,4.2,1,1,0,0,1,2,17800,8.0,7.6,10.0,1,13.01
Lokesh Verma,1VB22EC021,2022,ECE,35.0,35.0,4.0,2,33.8,23.4,59.9,57.8,7.9,7.6,5.5,7.1,4.3,3.8,5,7,0,0,0,0,0,5.5,6.4,8.8,0,0.0
Madhu Patel,1VB22CS022,2022,CSE,44.8,49.9,5.58,1,66.0,49.4,66.2,52.9,6.1,5.9,4.0,5.9,5.5,3.1,0,2,2,0,1,6,16800,0.5,7.3,10.0,1,14.04
Mahesh Nair,1VB22AI023,2022,AIML,54.0,50.0,6.21,0,62.4,38.8,55.8,46.7,0.0,1.2,1.3,0.8,1.2,0.0,0,2,1,0,0,0,0,7.8,4.0,,0,0.0
Mala Reddy,1VB21AI024,2021,AIML,38.3,38.6,4.0,2,31.7,31.4,68.6,68.5,4.6,2.2,4.8,3.8,3.7,5.4,1,1,3,0,0,0,0,4.6,6.9,7.9,0,0.0
Meena Kumar,1VB21ME025,2021,MECH,57.1,63.4,5.92,3,50.7,62.0,51.4,41.8,3.9,4.8,3.2,4.7,0.0,1.7,0,2,2,2,0,0,0,5.9,6.7,9.6,0,0.0
Mohan Singh,1VB20DS026,2020,DS,76.9,77.4,7.33,0,59.7,45.9,79.0,69.9,7.0,6.6,7.4,6.6,3.5,4.0,1,1,0,0,0,0,0,6.9,4.9,10.0,1,18.14
Monisha Rao,1VB22ME027,2022,MECH,46.7,52.4,6.76,0,68.1,83.9,100.0,93.4,6.4,4.2,5.7,6.2,2.7,2.6,2,3,2,1,1,5,24300,6.1,7.6,10.0,1,11.52
Mukesh Joshi,1VB20IS028,2020,ISE,72.8,81.7,8.44,0,92.0,87.8,15.0,28.3,10.0,10.0,8.2,8.7,4.8,6.7,5,2,2,0,1,4,25800,8.1,7.1,5.4,1,22.0
Naveen Gupta,1VB21ME029,2021,MECH,35.1,55.5,4.71,0,47.0,,55.9,49.1,3.4,2.2,2.8,3.1,5.2,1.3,1,1,1,0,1,2,11900,3.1,8.5,10.0,0,0.0
Neha Iyer,1VB21CV030,2021,CIVIL,94.6,100.0,9.21,0,100.0,81.0,86.2,62.0,6.7,5.6,6.6,7.4,3.2,3.8,1,1,0,1,0,0,0,10.0,4.2,10.0,0,0.0
Nikhil Pillai,1VB22CV031,2022,CIVIL,70.2,61.8,8.03,0,59.1,73.3,51.5,45.5,2.2,1.2,2.4,4.5,2.2,0.0,3,3,1,0,1,5,10900,9.5,8.6,8.1,0,0.0
Nisha Menon,1VB20CS032,2020,CSE,64.0,58.8,6.45,0,47.7,85.5,58.0,51.0,3.1,1.2,3.8,5.0,0.1,0.5,2,1,3,1,1,3,16300,4.0,4.7,10.0,0,0.0
Pallavi Naidu,1VB20EE033,2020,EEE,49.2,59.3,5.53,2,32.6,58.6,56.2,47.2,2.4,1.8,2.6,1.7,1.7,2.5,5,4,2,1,1,6,8800,5.3,5.7,9.5,0,0.0
Pooja Hegde,1VB21ME034,2021,MECH,56.5,54.4,5.75,3,,46.5,80.6,79.8,1.6,1.0,2.1,1.5,0.6,1.8,5,2,0,0,1,2,8200,6.6,6.8,10.0,0,0.0
Prabhu Gowda,1VB22AI035,2022,AIML,84.8,70.1,7.33,0,67.7,31.3,69.7,70.1,10.0,10.0,9.0,9.5,7.6,8.6,2,1,2,0,1,6,21400,5.7,5.7,10.0,1,21.12
Prasad Patil,1VB22AI036,2022,AIML,69.9,62.5,6.67,0,49.7,64.2,47.0,38.7,9.1,9.4,10.0,4.8,8.3,7.1,3,1,2,1,0,0,0,3.8,7.6,,1,19.97
Preethi Shinde,1VB20DS037,2020,DS,88.1,98.3,9.24,0,84.1,73.0,87.2,90.8,10.0,10.0,9.7,8.6,10.0,6.4,2,2,1,0,1,1,33300,7.7,5.3,10.0,1,22.0
Priya More,1VB21IS038,2021,ISE,75.1,57.1,6.92,0,23.9,64.1,72.2,,7.9,7.4,6.3,7.9,4.2,5.1,1,1,2,1,0,0,0,9.0,6.2,9.5,1,17.5
Rahul Desai,1VB20IS039,2020,ISE,62.8,79.3,5.65,2,55.3,29.2,61.3,73.9,5.4,5.3,3.2,3.6,2.5,3.4,2,0,0,1,0,0,0,2.9,8.4,10.0,0,0.0
Rajesh Bhat,1VB22IS040,2022,ISE,100.0,78.8,9.88,0,88.7,81.9,88.8,83.6,5.8,5.2,3.9,6.8,5.9,3.6,2,2,2,0,1,6,16800,7.4,6.3,10.0,1,17.53
Rakesh Kamath,1VB21DS041,2021,DS,35.0,35.0,4.0,2,42.4,10.6,57.5,38.7,0.2,0.9,0.7,0.0,3.3,0.9,3,4,1,0,0,0,0,7.7,6.7,10.0,0,0.0
Ramesh Shetty,1VB22CS042,2022,CSE,73.5,80.6,6.1,0,55.6,68.7,78.3,65.8,3.2,1.7,2.2,0.1,1.7,1.9,5,0,3,0,0,0,0,8.2,9.1,10.0,0,0.0
Ravi Murthy,1VB21AI043,2021,AIML,69.4,59.3,5.97,2,76.8,41.6,42.7,33.8,6.6,5.8,9.3,8.2,6.7,4.9,1,2,0,0,0,0,0,6.0,7.4,10.0,1,15.07
Rekha Kulkarni,1VB21EC044,2021,ECE,77.8,70.2,6.45,0,53.1,43.3,64.4,54.6,6.4,5.1,6.3,3.8,3.9,6.2,1,3,3,0,0,0,0,8.9,10.0,9.5,1,15.38
Rohan Deshpande,1VB22AI045,2022,AIML,81.1,94.5,8.84,0,84.1,90.9,90.8,79.8,10.0,9.8,8.1,4.7,10.0,6.2,2,0,3,0,0,0,0,5.2,9.7,10.0,1,22.0
Sahana Jain,1VB20IS046,2020,ISE,71.5,75.7,6.74,0,67.0,51.3,100.0,80.0,6.7,6.3,4.7,4.7,6.1,2.8,4,3,1,0,0,0,0,7.7,5.4,10.0,1,18.3
Sandeep Shah,1VB21CS047,2021,CSE,61.6,77.0,6.31,0,48.3,48.7,70.6,65.7,6.6,4.1,6.6,4.8,5.7,1.3,4,3,1,1,1,3,23200,8.8,5.5,10.0,1,15.28
Sangeetha Mehta,1VB22IS048,2022,ISE,65.4,80.6,6.05,0,61.5,54.9,19.7,33.1,5.7,5.8,5.3,4.1,3.4,3.4,0,5,1,0,0,0,0,8.0,8.3,7.7,0,0.0
Sanjay Tiwari,1VB21ME049,2021,MECH,79.1,70.4,6.79,1,69.5,53.2,93.7,79.0,4.7,4.4,5.1,6.9,5.0,4.2,1,0,1,0,0,0,0,5.3,4.6,10.0,0,0.0
Santosh Sharma,1VB20EC050,2020,ECE,86.4,85.5,9.68,0,77.6,78.1,69.0,76.0,5.2,5.3,3.2,5.0,3.2,4.0,2,2,0,0,0,0,0,9.2,8.5,9.2,1,20.3
Sarika Verma,1VB22IS051,2022,ISE,45.3,36.5,4.3,1,,53.3,38.6,35.0,4.9,4.8,5.1,3.4,3.3,2.7,2,2,0,0,1,4,17500,6.8,7.6,9.0,0,0.0
Seema Patel,1VB21DS052,2021,DS,64.8,92.2,6.36,1,62.4,89.0,66.7,65.9,6.5,6.6,4.0,7.7,6.4,3.8,1,1,0,0,1,2,14100,3.3,8.5,9.6,1,15.4
Shilpa Nair,1VB21EC053,2021,ECE,52.2,45.8,4.55,2,33.2,54.3,79.2,55.7,1.0,1.3,0.0,1.4,0.0,0.6,4,0,1,0,1,1,5200,5.8,7.8,10.0,0,0.0
Shiva Reddy,1VB20CS054,2020,CSE,45.0,37.0,4.75,1,43.8,51.5,65.4,51.7,2.3,0.7,0.1,0.2,3.1,4.4,3,3,1,0,0,0,0,4.5,7.9,10.0,0,0.0
Shreya Kumar,1VB20ME055,2020,MECH,62.3,62.4,5.89,1,49.3,34.0,71.5,56.4,1.9,0.4,2.9,2.9,1.0,0.0,6,2,1,0,0,0,0,4.0,5.8,10.0,0,0.0
Siddharth Singh,1VB21CV056,2021,CIVIL,68.0,83.8,6.68,0,49.6,57.7,36.8,36.2,1.0,1.6,0.9,0.4,2.6,2.5,0,1,1,2,0,0,0,8.0,7.2,7.0,0,0.0
Sneha Rao,1VB20EC057,2020,ECE,86.6,78.0,8.67,0,47.5,58.8,78.3,68.2,3.8,4.7,3.7,4.9,1.5,2.0,5,1,5,0,1,2,10100,3.6,7.9,10.0,1,15.76
Suhas Joshi,1VB21CS058,2021,CSE,83.5,66.6,9.06,0,74.1,65.2,45.0,44.2,6.7,8.6,3.2,8.4,2.0,3.8,1,2,2,0,1,3,17000,9.8,6.0,9.5,1,20.16
Sujan Gupta,1VB21AI059,2021,AIML,81.1,77.8,6.07,0,55.1,75.1,73.1,61.7,9.2,9.8,8.1,7.2,7.3,4.4,0,1,0,1,0,0,0,6.1,5.5,10.0,1,20.28
Suma Iyer,1VB21CS060,2021,CSE,62.2,64.6,6.97,0,36.8,65.5,74.2,66.5,3.6,4.1,4.3,2.3,4.7,4.3,3,2,1,0,1,3,10500,2.5,6.1,10.0,1,13.61
Sunitha Pillai,1VB22EE061,2022,EEE,99.7,89.0,9.95,0,93.5,86.9,88.2,81.5,6.7,4.9,5.7,4.9,5.4,4.8,2,4,3,1,1,2,21400,5.7,8.0,10.0,1,16.53
Suresh Menon,1VB20EC062,2020,ECE,64.3,54.0,6.13,0,39.8,45.9,33.3,31.1,8.3,7.1,8.3,7.7,5.7,6.1,2,3,1,1,0,0,0,5.4,9.9,8.6,1,16.14
Swathi Naidu,1VB21IS063,2021,ISE,80.2,63.8,7.19,0,76.8,49.1,60.0,52.5,3.9,1.0,2.7,4.5,2.2,1.7,3,3,3,1,1,3,13900,9.5,4.0,5.5,1,14.41
Tarun Hegde,1VB22ME064,2022,MECH,61.3,44.6,5.77,0,56.4,30.0,40.7,29.5,5.9,4.5,4.2,1.0,6.7,2.5,1,3,0,1,1,3,18200,6.6,4.2,8.8,0,0.0
Tejas Gowda,1VB22IS065,2022,ISE,70.8,62.5,6.06,0,44.2,39.3,58.8,49.1,8.1,8.2,8.8,6.3,5.5,7.5,5,6,0,0,0,0,0,2.6,6.3,8.6,1,15.74
Uday Patil,1VB21CS066,2021,CSE,36.7,35.0,4.27,1,29.2,44.8,51.8,41.5,4.8,3.7,3.6,2.8,4.8,1.1,4,3,1,1,0,0,0,3.1,7.4,10.0,0,0.0
Uma Shinde,1VB22CS067,2022,CSE,61.8,60.7,6.24,0,35.4,64.0,81.0,76.6,8.6,7.9,6.3,4.9,4.2,3.6,6,1,1,0,0,0,0,7.2,7.0,10.0,1,18.07
Varsha More,1VB21CV068,2021,CIVIL,76.7,79.0,5.57,4,54.5,41.6,44.9,36.0,3.5,2.8,2.8,1.5,3.9,0.0,3,5,1,0,0,0,0,5.2,4.8,6.3,0,0.0
Vijay Desai,1VB21CS069,2021,CSE,35.0,45.6,4.17,1,33.5,38.6,50.1,36.3,3.3,3.7,3.7,1.2,3.5,1.2,0,3,1,1,1,5,10400,5.6,6.5,10.0,0,0.0
Vikas Bhat,1VB21CS070,2021,CSE,38.7,45.9,4.0,1,30.7,52.4,53.1,37.4,1.8,2.5,1.9,0.8,0.0,0.0,2,1,1,1,0,0,0,6.0,9.4,7.5,0,0.0
Vinod Kamath,1VB20DS071,2020,DS,60.6,64.6,4.72,1,44.5,36.8,91.5,93.5,3.5,0.7,1.6,4.0,4.9,3.3,2,2,0,0,0,0,0,3.5,9.5,10.0,0,0.0
Vishnu Shetty,1VB22EC072,2022,ECE,62.3,48.3,6.01,0,49.8,22.6,25.5,16.2,5.5,4.5,4.9,4.9,3.6,1.6,2,0,0,0,0,0,0,3.4,7.8,7.1,0,0.0
Yamini Murthy,1VB22AI073,2022,AIML,61.3,58.3,5.68,3,66.0,78.5,58.4,40.6,8.1,6.7,7.0,7.0,2.9,4.9,1,4,0,0,0,0,0,3.8,9.7,7.3,1,17.37
Yashoda Kulkarni,1VB21EC074,2021,ECE,68.6,71.2,5.94,2,43.6,46.0,52.7,49.7,4.7,4.7,3.0,3.9,2.4,6.3,0,4,4,0,0,0,0,7.4,7.3,10.0,0,0.0
Zoya Deshpande,1VB22IS075,2022,ISE,51.9,59.2,5.79,2,40.1,52.8,35.3,37.1,2.7,2.7,2.2,3.2,2.1,0.1,2,1,3,0,0,0,0,5.1,8.0,7.4,0,0.0
Riya Jain,1VB22CV076,2022,CIVIL,65.5,74.3,7.55,0,68.3,40.2,59.7,,5.7,5.2,5.7,5.7,3.8,3.8,4,2,1,2,1,1,13700,5.5,7.4,,0,0.0
Manish Shah,1VB22CS077,2022,CSE,100.0,75.5,8.52,0,100.0,59.6,79.8,60.2,9.6,9.7,7.5,6.5,9.6,5.7,3,7,1,0,1,3,20400,5.9,6.4,10.0,1,19.85
Darshan Mehta,1VB21EC078,2021,ECE,77.6,68.2,8.66,0,79.3,77.7,67.7,63.0,8.5,6.9,8.7,4.9,7.7,5.4,1,0,1,0,1,1,21500,3.5,4.3,8.0,1,21.53
Keerthi Tiwari,1VB22CV079,2022,CIVIL,78.9,95.2,8.7,0,70.6,82.7,81.0,70.3,7.5,7.7,6.3,6.2,2.9,4.5,2,1,1,0,1,5,19500,6.0,7.1,10.0,1,13.92
Aarav Sharma,1VB22ME080,2022,MECH,88.6,100.0,10.0,0,97.3,83.5,89.9,66.0,7.6,7.7,6.5,7.5,5.5,5.2,0,2,2,1,0,0,0,5.6,5.5,10.0,1,17.59
Aditya Verma,1VB22DS081,2022,DS,77.8,69.3,7.06,0,65.4,,70.2,69.9,2.9,1.8,2.1,3.9,3.4,1.8,3,1,1,1,1,6,12800,8.2,7.1,9.5,0,0.0
Akash Patel,1VB20CS082,2020,CSE,64.7,63.6,6.45,0,54.7,83.1,81.8,82.4,3.9,1.1,4.4,0.0,2.0,4.4,0,2,2,0,0,0,0,3.7,6.5,10.0,0,0.0
Amit Nair,1VB22IS083,2022,ISE,72.6,65.8,7.07,0,44.1,,74.8,67.5,6.5,5.0,6.1,3.8,3.7,4.8,3,0,3,0,0,0,0,4.0,4.9,10.0,1,16.91
Ananya Reddy,1VB22EE084,2022,EEE,38.5,53.4,4.0,1,60.7,54.5,79.2,67.5,1.3,1.2,0.0,1.9,0.0,0.0,8,1,1,0,0,0,0,5.5,5.9,10.0,0,0.0
Anjali Kumar,1VB20CV085,2020,CIVIL,70.4,72.6,5.77,2,64.7,,56.3,46.1,1.6,1.0,1.2,1.0,3.7,0.0,0,1,1,1,1,2,8600,5.5,8.2,9.0,0,0.0
Arjun Singh,1VB20CS086,2020,CSE,48.0,35.0,4.22,1,39.2,56.0,38.0,24.8,4.4,5.2,2.8,0.5,3.4,4.5,2,2,3,0,1,5,12400,5.4,7.5,10.0,0,0.0
Aryan Rao,1VB20EC087,2020,ECE,87.8,73.3,7.28,0,68.3,56.5,70.5,63.5,4.2,5.0,2.7,3.9,0.4,0.7,3,1,1,1,1,1,15900,4.4,9.8,9.8,1,15.25
Ashok Joshi,1VB21DS088,2021,DS,89.2,75.8,6.61,0,45.8,55.1,72.0,68.6,10.0,10.0,10.0,7.5,7.6,9.8,5,6,3,0,1,6,29900,8.2,6.5,10.0,1,19.95
Bhavana Gupta,1VB22CS089,2022,CSE,94.8,92.2,9.68,0,92.5,85.9,57.7,48.9,10.0,10.0,10.0,6.7,8.1,3.4,3,1,1,0,1,4,23700,7.2,5.8,7.0,1,22.0
Charan Iyer,1VB21CV090,2021,CIVIL,86.7,72.9,8.97,0,64.8,,45.7,33.5,7.1,5.7,7.3,5.9,4.4,2.5,2,0,1,0,1,2,18000,5.5,5.9,8.2,0,0.0
Chinmay Pillai,1VB22IS091,2022,ISE,61.5,60.9,5.87,0,59.4,41.9,53.4,54.5,5.4,6.4,4.4,6.3,3.5,3.8,4,4,2,1,0,0,0,5.4,6.9,10.0,1,12.66
Deepa Menon,1VB20EE092,2020,EEE,78.9,79.1,7.53,0,58.4,66.2,32.0,31.8,6.7,5.3,4.5,3.7,7.9,4.1,4,0,1,1,1,2,18700,4.7,5.9,8.8,0,0.0
Deepak Naidu,1VB21CV093,2021,CIVIL,90.8,76.7,7.62,0,61.9,97.2,63.2,52.2,5.0,5.3,5.2,3.3,3.4,4.3,3,1,2,1,0,0,0,5.0,5.6,10.0,0,0.0
Divya Hegde,1VB22EC094,2022,ECE,61.8,69.5,6.01,0,70.9,,68.8,64.8,3.7,4.0,4.8,3.3,2.1,5.2,3,4,0,0,0,0,0,9.0,5.4,7.6,0,0.0
Ganesh Gowda,1VB22EC095,2022,ECE,65.5,82.1,8.05,0,71.7,64.6,89.8,,6.5,4.5,5.2,7.2,4.1,5.3,2,0,0,0,1,4,17400,6.2,5.3,10.0,1,15.52
Geeta Patil,1VB21EC096,2021,ECE,75.9,72.5,7.43,0,46.2,58.2,53.6,58.8,3.5,2.3,3.6,0.8,2.0,2.3,2,4,0,1,1,4,11700,4.6,9.0,10.0,0,0.0
Gopal Shinde,1VB21DS097,2021,DS,60.3,66.8,6.17,0,56.3,29.5,62.2,41.2,5.2,4.6,2.3,5.9,3.2,0.0,2,2,0,1,0,0,0,7.3,6.3,8.4,0,0.0
Harish More,1VB20IS098,2020,ISE,52.7,39.5,5.06,4,,46.3,52.5,59.4,4.6,3.5,3.5,5.0,5.3,2.8,3,3,0,1,1,6,13800,9.7,5.3,6.2,0,0.0
Harsha Desai,1VB22CS099,2022,CSE,69.7,78.2,7.53,0,77.8,46.0,56.6,46.7,6.0,4.1,4.3,5.8,3.2,5.6,0,1,0,0,0,0,0,4.4,3.5,,0,0.0
Hemanth Bhat,1VB21EE000,2021,EEE,74.5,87.3,7.43,0,54.7,,62.1,55.7,6.0,7.2,6.8,7.3,2.4,3.0,1,0,1,3,0,0,0,4.8,9.5,10.0,0,0.0
Indu Kamath,1VB22AI001,2022,AIML,83.7,79.9,9.3,0,81.1,55.9,57.4,63.7,10.0,9.8,8.1,8.6,6.3,3.5,4,2,0,0,1,5,25900,9.1,7.3,8.3,1,22.0
Jagadish Shetty,1VB20CV002,2020,CIVIL,60.5,69.1,6.94,0,51.7,37.9,71.3,70.6,3.3,3.6,1.9,4.7,2.8,4.8,3,0,3,1,1,2,10700,4.3,6.4,10.0,0,0.0
Jaya Murthy,1VB20EE003,2020,EEE,66.2,38.1,5.12,1,,49.9,68.7,65.3,2.6,2.7,2.9,3.5,1.0,0.7,3,3,0,1,0,0,0,6.1,8.2,7.7,0,0.0
Karthik Kulkarni,1VB22CS004,2022,CSE,56.3,62.0,6.02,0,57.7,48.3,67.8,64.5,4.0,2.9,4.5,2.8,1.3,2.2,1,5,0,2,0,0,0,3.3,5.5,9.3,0,0.0
Kavitha Deshpande,1VB22CS005,2022,CSE,76.0,69.0,6.19,0,66.1,30.8,73.5,81.4,6.5,7.3,4.6,4.7,2.5,4.8,1,2,0,0,0,0,0,3.6,7.7,10.0,1,14.68
Kiran Jain,1VB21EC006,2021,ECE,91.5,84.8,8.08,0,71.5,58.0,60.2,60.2,7.2,5.3,5.2,5.3,2.8,3.2,1,2,0,1,0,0,0,4.2,5.8,6.8,1,17.39
Kriti Shah,1VB20EC007,2020,ECE,88.3,77.5,8.44,0,69.1,80.9,35.1,30.4,6.1,6.6,4.7,2.8,6.2,5.0,1,1,0,0,1,3,16600,4.5,9.4,8.9,1,19.11
Kumar Mehta,1VB21EC008,2021,ECE,67.5,74.9,7.34,0,93.9,61.4,72.4,71.5,8.0,5.7,6.0,6.2,5.0,6.6,2,1,1,0,0,0,0,4.5,5.4,10.0,1,16.08
Lakshmi Tiwari,1VB21ME009,2021,MECH,52.1,51.1,5.36,2,45.7,47.3,53.3,39.9,3.1,2.7,3.2,0.0,0.0,1.7,1,1,1,0,0,0,0,5.2,8.1,6.4,0,0.0
Lavanya Sharma,1VB21AI010,2021,AIML,51.3,61.4,7.84,0,48.9,40.5,58.6,67.0,6.7,8.6,6.4,2.6,3.2,2.5,4,1,1,1,1,5,19200,9.0,8.9,10.0,1,19.99
Lokesh Verma,1VB22ME011,2022,MECH,46.0,51.4,4.67,1,50.2,34.5,62.9,59.3,3.6,1.5,4.2,5.0,3.0,0.5,4,1,1,1,0,0,0,4.2,7.5,8.9,0,0.0
Madhu Patel,1VB22AI012,2022,AIML,55.8,78.2,5.36,3,43.3,74.4,67.8,58.3,7.1,7.6,5.4,3.7,4.3,7.3,3,0,1,0,0,0,0,4.4,8.5,10.0,1,17.52
Mahesh Nair,1VB21EC013,2021,ECE,100.0,100.0,10.0,0,84.5,66.5,66.8,44.5,5.4,3.8,4.5,3.0,5.7,1.3,6,2,0,0,0,0,0,7.4,6.5,10.0,1,16.02
Mala Reddy,1VB21EC014,2021,ECE,35.0,41.6,4.78,3,64.0,,76.3,77.7,4.8,3.2,4.9,4.4,1.3,3.1,2,0,1,1,0,0,0,9.6,8.9,10.0,0,0.0
Meena Kumar,1VB22DS015,2022,DS,51.7,77.1,6.35,0,54.8,57.9,22.3,18.4,6.2,7.6,4.6,4.9,2.7,5.2,4,0,1,1,1,6,20000,0.7,8.4,8.9,1,18.77
Mohan Singh,1VB22AI016,2022,AIML,61.2,50.5,5.48,1,31.3,43.7,80.7,74.3,4.4,3.1,3.7,5.0,2.9,3.2,2,1,1,0,0,0,0,5.5,9.2,10.0,0,0.0
Monisha Rao,1VB22DS017,2022,DS,44.8,35.0,4.08,0,73.9,46.8,94.3,90.8,7.6,5.7,6.4,8.7,5.1,5.9,5,4,2,1,0,0,0,6.9,6.9,10.0,1,16.85
Mukesh Joshi,1VB22CS018,2022,CSE,41.8,36.6,5.67,3,48.3,29.5,65.5,49.3,4.1,4.1,3.6,3.2,4.6,3.9,2,2,0,0,1,1,11200,6.9,8.0,8.6,0,0.0
Naveen Gupta,1VB21ME019,2021,MECH,43.0,61.8,4.61,0,51.1,37.9,59.1,42.6,1.7,3.1,2.8,2.8,2.5,0.0,2,1,0,1,0,0,0,7.2,8.5,10.0,0,0.0
Neha Iyer,1VB20CS020,2020,CSE,54.4,59.0,6.89,0,43.0,44.4,89.3,69.8,6.5,7.2,5.2,4.8,2.9,2.7,4,2,1,0,0,0,0,10.0,2.1,10.0,1,20.51
Nikhil Pillai,1VB22AI021,2022,AIML,69.6,52.0,7.97,0,48.3,60.7,68.9,69.5,8.0,6.3,8.0,4.6,3.5,5.0,3,2,4,1,1,1,24200,6.8,8.7,8.8,1,18.74
Nisha Menon,1VB22CS022,2022,CSE,70.3,72.7,7.11,0,45.8,24.5,87.2,88.1,6.8,4.9,7.9,4.4,4.8,2.2,1,1,0,0,1,6,16200,7.3,8.2,10.0,1,15.11
Pallavi Naidu,1VB21CS023,2021,CSE,67.9,87.6,6.53,0,50.9,76.8,68.2,54.3,2.2,0.5,0.8,0.0,4.0,1.8,1,0,0,1,0,0,0,9.0,5.0,10.0,0,0.0
Pooja Hegde,1VB20IS024,2020,ISE,56.7,66.6,6.29,1,39.1,52.7,52.0,30.6,4.3,3.5,1.9,1.6,5.2,1.9,3,0,0,1,1,3,10100,6.0,6.3,8.7,1,15.28
Prabhu Gowda,1VB22CS025,2022,CSE,63.8,55.2,7.19,0,57.3,73.6,59.4,43.5,3.1,3.3,1.9,0.8,4.4,3.7,4,3,0,1,0,0,0,3.3,9.4,10.0,0,0.0
Prasad Patil,1VB20DS026,2020,DS,45.1,40.9,4.0,2,45.0,61.3,83.8,73.5,4.6,5.7,5.6,2.5,3.1,1.0,1,1,2,0,0,0,0,5.7,8.6,10.0,0,0.0
Preethi Shinde,1VB20IS027,2020,ISE,58.5,74.0,6.52,1,34.9,67.9,89.1,80.7,8.6,9.7,8.7,5.6,4.7,6.5,0,0,1,0,0,0,0,7.1,4.5,10.0,1,19.93
Priya More,1VB20EC028,2020,ECE,52.3,45.8,6.06,0,67.1,49.4,87.0,,3.1,2.5,2.0,2.5,2.8,2.2,1,5,1,0,0,0,0,2.7,5.7,10.0,0,0.0
Rahul Desai,1VB20ME029,2020,MECH,60.3,59.3,5.05,3,58.0,39.7,68.4,,5.6,4.5,4.4,6.0,2.2,1.7,0,3,1,0,0,0,0,6.3,7.3,10.0,0,0.0
Rajesh Bhat,1VB22AI030,2022,AIML,47.2,57.6,5.22,1,42.3,32.7,73.1,60.9,4.6,5.8,4.3,3.9,6.0,1.8,6,3,0,0,0,0,0,4.4,8.4,10.0,0,0.0
Rakesh Kamath,1VB22IS031,2022,ISE,44.9,35.0,4.0,4,37.9,44.3,42.4,37.5,7.5,7.3,5.4,6.2,8.6,4.3,0,1,0,0,0,0,0,6.9,5.7,9.5,0,0.0
Ramesh Shetty,1VB20CV032,2020,CIVIL,38.5,66.3,5.67,1,39.0,42.5,75.0,62.7,5.3,4.7,4.3,4.8,1.7,3.2,3,5,2,0,0,0,0,6.9,8.0,10.0,0,0.0
Ravi Murthy,1VB21AI033,2021,AIML,54.4,39.4,4.26,0,39.6,43.4,64.2,44.9,5.6,4.7,5.3,5.9,3.5,4.1,6,3,2,0,0,0,0,5.4,5.6,7.6,0,0.0
Rekha Kulkarni,1VB22EE034,2022,EEE,76.0,84.2,7.25,0,69.6,45.8,68.1,61.0,4.3,2.5,3.6,1.3,5.9,3.3,4,0,0,0,0,0,0,5.5,7.1,9.8,0,0.0
Rohan Deshpande,1VB21DS035,2021,DS,71.4,57.1,6.42,1,70.3,74.4,54.5,58.0,5.0,5.2,4.1,3.7,4.3,3.6,3,2,0,1,0,0,0,7.9,9.3,10.0,0,0.0
Sahana Jain,1VB22ME036,2022,MECH,75.0,75.8,6.09,0,29.2,85.5,37.0,43.0,1.9,0.0,1.4,0.9,3.6,0.0,1,0,2,0,0,0,0,6.9,6.8,9.7,0,0.0
Sandeep Shah,1VB21EC037,2021,ECE,35.0,46.4,4.0,1,46.8,22.4,63.7,49.2,2.1,1.4,1.0,3.9,1.8,1.5,2,1,3,2,1,3,6700,8.1,7.0,10.0,0,0.0
Sangeetha Mehta,1VB21EC038,2021,ECE,80.9,94.0,7.66,0,63.2,58.3,45.0,31.3,3.2,2.9,2.1,4.5,1.7,0.5,2,0,2,0,0,0,0,5.3,8.6,6.9,0,0.0
Sanjay Tiwari,1VB22EE039,2022,EEE,56.3,60.4,6.4,0,53.3,54.8,75.1,65.2,7.2,8.4,5.0,3.4,7.1,3.9,2,2,2,0,0,0,0,4.6,8.7,9.7,1,16.36
Santosh Sharma,1VB21AI040,2021,AIML,91.9,96.5,8.85,0,87.9,71.2,79.3,66.7,10.0,10.0,8.8,9.5,8.8,7.4,3,0,3,0,1,3,30100,6.8,3.8,10.0,1,22.0
Sarika Verma,1VB21EC041,2021,ECE,74.0,52.7,6.08,0,54.1,39.2,66.7,49.0,7.0,6.1,6.2,4.5,4.7,3.5,2,1,1,1,0,0,0,4.1,4.1,10.0,0,0.0
Seema Patel,1VB21EE042,2021,EEE,83.7,70.9,7.27,0,73.9,54.4,56.3,39.6,5.0,3.2,4.9,6.5,6.4,0.0,0,3,1,0,0,0,0,6.6,6.6,8.0,0,0.0
Shilpa Nair,1VB21CS043,2021,CSE,66.2,56.8,7.01,2,56.3,41.4,83.4,81.7,5.2,4.8,5.0,6.9,2.1,1.5,2,1,3,0,0,0,0,9.5,6.7,10.0,0,0.0
Shiva Reddy,1VB21EE044,2021,EEE,66.9,56.7,5.49,4,33.2,44.3,58.7,71.2,5.0,2.8,4.5,4.2,4.1,2.6,1,2,2,0,1,6,9400,4.5,8.1,9.2,0,0.0
Shreya Kumar,1VB21EE045,2021,EEE,51.7,88.6,5.97,1,39.9,55.0,56.7,63.5,7.8,8.0,7.5,6.6,5.2,6.4,2,2,1,1,0,0,0,5.1,7.7,10.0,0,0.0
Siddharth Singh,1VB22CS046,2022,CSE,89.6,84.7,8.9,0,57.2,79.1,58.9,33.5,7.0,6.6,4.8,6.5,7.2,5.5,4,2,0,0,1,1,26300,3.6,7.3,9.8,1,19.09
Sneha Rao,1VB22CV047,2022,CIVIL,67.5,74.2,7.18,0,69.8,45.3,72.1,60.8,3.6,3.4,3.1,2.6,3.0,2.6,3,2,2,0,0,0,0,8.9,5.9,10.0,0,0.0
Suhas Joshi,1VB22CV048,2022,CIVIL,100.0,93.6,8.33,0,67.4,35.7,65.7,66.7,4.8,3.1,4.7,7.5,3.1,7.4,3,2,2,0,1,4,9700,5.1,5.5,8.3,0,0.0
Sujan Gupta,1VB20EC049,2020,ECE,71.1,82.2,6.73,0,44.2,65.8,63.1,57.6,5.9,4.8,5.1,5.6,5.0,3.8,2,1,1,0,1,1,18400,3.8,8.5,9.1,0,0.0
Suma Iyer,1VB20CS050,2020,CSE,70.4,60.0,6.88,1,69.7,57.6,56.3,54.1,7.5,4.2,6.4,6.4,5.3,4.3,0,2,0,0,0,0,0,7.1,8.2,7.4,1,14.41
Sunitha Pillai,1VB20CV051,2020,CIVIL,55.2,52.8,5.67,4,57.5,44.5,85.4,70.0,1.6,1.9,1.1,0.0,0.7,2.1,1,3,2,1,1,5,5700,7.5,8.9,10.0,0,0.0
Suresh Menon,1VB22EC052,2022,ECE,47.3,57.4,5.26,0,62.7,49.7,52.6,,2.9,2.6,2.0,2.0,1.9,0.8,5,2,3,1,1,6,9400,6.4,4.3,10.0,0,0.0
Swathi Naidu,1VB21IS053,2021,ISE,42.5,41.2,4.1,0,42.8,10.0,88.5,80.5,1.0,1.2,2.0,0.8,2.2,1.0,3,0,0,0,0,0,0,8.8,4.9,10.0,0,0.0
Tarun Hegde,1VB21CS054,2021,CSE,62.5,63.2,6.41,0,78.7,51.0,40.6,32.5,3.3,0.7,3.5,3.5,4.9,0.1,3,2,0,1,0,0,0,4.3,5.9,8.0,0,0.0
Tejas Gowda,1VB21ME055,2021,MECH,60.5,69.6,7.37,1,51.7,67.7,49.7,38.9,5.0,3.6,3.5,5.6,2.5,3.7,1,1,3,0,0,0,0,6.0,8.2,7.6,0,0.0
Uday Patil,1VB20CV056,2020,CIVIL,43.8,35.0,4.0,1,34.3,54.3,74.8,67.9,3.4,3.2,3.1,0.9,1.6,1.2,0,3,0,1,0,0,0,7.9,7.3,9.1,0,0.0
Uma Shinde,1VB22EC057,2022,ECE,69.6,66.2,7.48,1,56.2,48.9,75.6,80.4,3.9,5.3,3.4,2.2,3.1,0.0,2,3,0,0,0,0,0,4.8,9.7,9.1,0,0.0
Varsha More,1VB21EC058,2021,ECE,60.4,57.4,7.49,0,57.4,81.0,87.2,80.1,8.0,7.3,8.2,5.4,6.8,4.3,4,4,0,0,0,0,0,4.0,9.5,10.0,1,21.28
Vijay Desai,1VB22ME059,2022,MECH,78.9,76.3,7.85,0,68.8,62.9,96.7,81.3,5.0,3.9,2.6,3.6,4.3,3.2,4,3,1,1,0,0,0,6.7,7.7,10.0,0,0.0
Vikas Bhat,1VB20IS060,2020,ISE,81.0,79.3,7.2,2,83.9,75.2,63.1,68.1,5.9,4.5,4.9,2.3,5.7,5.1,2,1,2,0,0,0,0,6.2,6.0,10.0,0,0.0
Vinod Kamath,1VB22IS061,2022,ISE,100.0,100.0,9.2,0,79.5,95.9,84.7,67.7,8.9,10.0,8.3,10.0,8.9,6.1,0,2,3,1,1,3,26200,8.0,6.5,10.0,1,22.0
Vishnu Shetty,1VB20CS062,2020,CSE,52.6,90.1,7.31,1,55.9,64.6,73.1,67.2,8.9,7.2,8.6,9.3,3.1,5.6,1,1,2,1,1,3,27200,2.0,7.3,10.0,1,20.52
Yamini Murthy,1VB21EC063,2021,ECE,49.4,48.3,5.65,3,32.6,27.8,51.9,45.8,1.2,0.4,2.9,0.0,0.0,0.0,3,1,2,0,0,0,0,5.9,8.3,9.4,0,0.0
Yashoda Kulkarni,1VB21EC064,2021,ECE,98.4,100.0,9.43,0,60.7,78.1,49.8,58.5,6.3,3.7,4.7,4.4,3.3,4.4,2,2,0,0,0,0,0,2.2,7.4,9.3,1,17.74
Zoya Deshpande,1VB20EC065,2020,ECE,99.2,91.8,9.48,0,72.7,76.4,51.9,30.7,6.4,5.8,4.7,4.1,1.1,5.0,4,3,0,0,1,5,16000,4.3,6.5,7.4,1,19.36
Riya Jain,1VB22ME066,2022,MECH,85.6,83.7,7.33,0,90.3,69.0,71.5,67.5,6.4,6.3,7.6,5.1,2.5,4.5,0,1,1,0,0,0,0,5.1,7.7,5.7,0,0.0
Manish Shah,1VB21CS067,2021,CSE,54.1,70.7,7.04,1,51.7,45.9,48.3,36.0,0.2,0.0,1.6,0.9,2.0,2.4,2,0,1,1,0,0,0,7.1,7.1,9.3,0,0.0
Darshan Mehta,1VB22EE068,2022,EEE,43.4,52.6,6.48,0,61.1,53.6,86.0,70.6,3.5,2.8,2.4,2.0,1.8,1.8,0,3,0,0,0,0,0,5.3,8.1,10.0,0,0.0
Keerthi Tiwari,1VB21EC069,2021,ECE,63.9,38.8,5.35,1,45.4,52.9,90.7,76.5,4.3,5.4,4.7,2.8,3.1,3.7,1,1,1,0,1,5,15700,6.5,5.2,10.0,0,0.0
Aarav Sharma,1VB20CS070,2020,CSE,80.1,72.5,8.83,0,70.7,69.1,60.6,69.7,9.8,8.3,7.0,7.3,6.0,6.1,2,1,1,0,1,5,28500,6.0,4.2,7.9,1,19.75
Aditya Verma,1VB20AI071,2020,AIML,66.7,74.1,7.18,0,54.3,45.1,27.3,23.7,6.9,6.6,6.3,4.7,0.6,4.9,4,3,2,1,0,0,0,6.9,6.7,4.5,1,16.79
Akash Patel,1VB22CS072,2022,CSE,47.5,41.3,4.42,0,48.6,34.6,37.5,,4.4,4.0,3.1,3.0,4.4,4.1,0,2,2,2,0,0,0,4.1,8.0,5.6,0,0.0
Amit Nair,1VB20EE073,2020,EEE,87.7,64.0,8.88,0,67.3,69.1,58.8,42.9,8.9,8.7,8.4,2.6,5.7,8.6,0,2,0,0,0,0,0,3.9,6.6,8.3,1,17.09
Ananya Reddy,1VB20CV074,2020,CIVIL,43.1,50.3,4.12,3,32.7,49.4,50.6,48.2,1.4,0.9,0.0,0.0,0.0,0.3,2,3,1,0,0,0,0,5.8,8.3,8.5,0,0.0
Anjali Kumar,1VB21ME075,2021,MECH,39.7,50.6,4.41,3,,48.1,93.6,70.5,4.2,4.4,2.0,3.8,4.4,4.2,0,1,0,0,0,0,0,7.8,7.7,10.0,0,0.0
Arjun Singh,1VB20CS076,2020,CSE,77.0,79.9,7.37,1,62.8,50.2,54.0,54.7,4.0,3.7,3.2,3.9,5.9,3.3,0,1,1,0,0,0,0,7.1,4.7,9.5,0,0.0
Aryan Rao,1VB20ME077,2020,MECH,87.7,85.8,8.62,0,75.1,80.1,65.5,68.2,6.0,2.9,4.9,6.8,3.6,4.8,1,2,1,0,1,1,13900,4.7,3.7,10.0,1,12.95
Ashok Joshi,1VB20EE078,2020,EEE,65.4,74.5,8.43,0,56.9,73.5,76.7,69.8,2.0,3.3,2.4,3.9,2.8,0.0,2,0,1,1,0,0,0,3.5,6.5,10.0,0,0.0
Bhavana Gupta,1VB22AI079,2022,AIML,80.9,67.0,7.25,1,57.9,57.6,72.3,68.6,2.7,1.2,2.7,4.4,2.6,2.2,3,3,1,0,0,0,0,7.3,7.5,10.0,0,0.0
Charan Iyer,1VB20AI080,2020,AIML,64.2,57.8,6.14,0,48.5,65.6,52.1,63.0,5.0,4.5,3.7,1.9,3.5,2.3,2,1,2,0,0,0,0,5.8,7.8,7.8,1,13.82
Chinmay Pillai,1VB21IS081,2021,ISE,57.3,65.0,6.83,0,55.6,51.7,53.7,47.6,6.3,5.4,5.3,4.1,6.7,4.5,3,0,0,1,0,0,0,5.6,4.8,8.5,1,14.28
Deepa Menon,1VB20EC082,2020,ECE,62.4,45.0,5.94,2,49.9,40.3,53.7,43.2,5.9,6.2,5.5,3.4,4.1,3.7,4,2,0,1,0,0,0,4.0,9.5,8.8,0,0.0
Deepak Naidu,1VB20AI083,2020,AIML,56.3,54.0,4.56,1,47.0,51.6,71.9,67.6,3.3,4.8,2.7,3.0,3.1,0.0,7,0,0,0,0,0,0,8.7,8.3,10.0,0,0.0
Divya Hegde,1VB21CS084,2021,CSE,79.1,80.8,7.09,0,48.7,79.1,88.0,85.4,10.0,10.0,9.1,9.0,9.8,6.6,5,1,0,3,0,0,0,4.7,5.5,10.0,1,21.2
Ganesh Gowda,1VB20EC085,2020,ECE,85.4,62.2,5.68,0,67.1,41.1,70.4,54.8,1.6,2.0,0.0,0.3,1.7,2.7,2,2,0,0,0,0,0,5.1,10.0,7.5,0,0.0
Geeta Patil,1VB22CV086,2022,CIVIL,35.0,35.0,4.0,2,13.7,17.3,59.8,54.5,2.8,2.5,2.2,0.7,3.2,2.3,3,1,2,0,0,0,0,5.0,8.3,10.0,0,0.0
Gopal Shinde,1VB20CS087,2020,CSE,61.6,71.4,7.11,0,39.1,49.0,70.7,55.2,5.4,5.2,4.5,3.6,2.8,2.1,3,0,4,0,0,0,0,5.7,5.7,10.0,1,16.2
Harish More,1VB22EC088,2022,ECE,84.3,69.8,6.74,1,84.4,41.7,69.7,63.0,5.0,5.9,3.1,5.3,4.1,3.2,4,2,1,0,0,0,0,6.2,7.5,9.9,1,10.34
Harsha Desai,1VB22CS089,2022,CSE,38.2,49.7,4.0,3,51.1,22.8,56.3,31.9,3.7,5.6,3.0,0.8,0.7,1.2,3,4,4,1,1,4,15600,7.6,5.4,10.0,0,0.0
Hemanth Bhat,1VB21EE090,2021,EEE,54.6,57.4,6.39,0,58.5,65.3,84.9,69.2,3.8,1.8,3.7,1.8,1.6,0.5,5,4,1,0,0,0,0,6.5,5.7,9.6,0,0.0
Indu Kamath,1VB20CS091,2020,CSE,70.0,83.0,6.2,0,38.7,40.1,60.6,59.5,7.9,7.6,7.6,7.6,5.1,3.8,1,4,1,0,0,0,0,3.6,6.8,10.0,1,17.72
Jagadish Shetty,1VB21EC092,2021,ECE,76.0,81.5,7.47,1,48.7,36.8,36.4,33.7,5.5,4.8,2.3,4.6,4.7,3.3,2,3,1,0,0,0,0,4.7,5.1,7.8,1,16.21
Jaya Murthy,1VB20ME093,2020,MECH,60.3,56.5,5.32,0,65.2,19.7,74.9,57.7,2.7,3.1,2.8,5.0,2.9,2.9,6,2,0,1,1,4,9200,2.8,6.6,10.0,0,0.0
Karthik Kulkarni,1VB21EC094,2021,ECE,69.1,48.6,5.73,3,76.8,,57.4,64.6,4.3,4.5,3.3,3.7,1.7,0.7,1,0,3,0,0,0,0,3.6,4.2,8.2,0,0.0
Kavitha Deshpande,1VB22AI095,2022,AIML,57.4,58.5,6.99,0,48.9,41.9,78.6,78.5,7.2,8.1,4.3,9.8,2.5,2.9,3,1,2,0,1,4,18500,5.8,6.1,9.9,1,16.64
Kiran Jain,1VB20EE096,2020,EEE,53.5,67.8,4.82,0,47.7,59.4,64.3,63.6,6.2,4.4,6.5,4.5,5.7,6.0,2,0,2,0,0,0,0,6.1,7.3,8.7,0,0.0
Kriti Shah,1VB22IS097,2022,ISE,89.4,100.0,9.22,0,92.5,86.5,85.4,79.5,10.0,9.4,8.0,8.0,8.3,10.0,1,0,1,0,1,3,24800,3.7,8.1,10.0,1,19.91
Kumar Mehta,1VB22ME098,2022,MECH,76.9,70.5,7.73,0,46.8,74.1,78.8,66.3,1.2,2.3,0.6,0.7,0.0,0.5,1,1,1,0,1,6,9600,4.3,6.2,10.0,0,0.0
Lakshmi Tiwari,1VB22IS099,2022,ISE,36.7,58.6,4.31,1,47.5,38.2,71.3,68.5,0.8,2.1,0.0,0.4,0.0,0.0,1,5,1,0,0,0,0,5.5,5.0,10.0,0,0.0
Lavanya Sharma,1VB20IS000,2020,ISE,76.8,95.7,8.14,0,56.5,70.4,73.8,50.5,5.3,3.7,4.6,2.7,6.0,4.4,2,3,0,2,0,0,0,4.0,6.6,10.0,1,14.97
Lokesh Verma,1VB20IS001,2020,ISE,47.4,36.5,4.37,0,52.3,42.0,57.1,61.6,5.5,4.4,5.2,4.2,5.3,2.2,3,2,2,0,0,0,0,5.5,5.7,10.0,0,0.0
Madhu Patel,1VB20CS002,2020,CSE,58.9,67.8,5.88,1,63.5,50.3,48.6,,6.9,5.1,7.6,5.3,2.6,4.9,0,0,1,0,0,0,0,5.5,7.9,8.7,0,0.0
Mahesh Nair,1VB21EC003,2021,ECE,77.0,73.6,7.45,0,61.5,49.9,66.5,55.4,4.3,4.0,3.4,3.2,4.4,3.5,1,2,1,0,0,0,0,7.3,8.3,10.0,0,0.0
Mala Reddy,1VB22DS004,2022,DS,66.7,61.0,7.34,1,49.9,47.3,49.8,40.7,8.3,8.6,6.8,6.6,6.1,6.7,5,2,3,0,0,0,0,4.9,7.6,8.7,1,19.66
Meena Kumar,1VB21EE005,2021,EEE,88.7,88.0,8.27,0,60.5,59.5,50.4,41.0,6.0,5.7,3.6,4.5,5.7,2.8,1,1,1,1,0,0,0,5.0,6.3,8.8,1,17.33
Mohan Singh,1VB20DS006,2020,DS,65.3,53.1,5.09,0,58.8,41.6,72.5,69.0,3.9,3.4,3.9,2.9,3.2,2.5,2,4,4,1,0,0,0,5.2,9.3,10.0,0,0.0
Monisha Rao,1VB22CV007,2022,CIVIL,48.0,35.0,4.88,1,55.2,,47.7,,1.9,1.7,1.7,0.3,0.0,1.5,3,2,2,0,0,0,0,6.3,4.2,10.0,0,0.0
Mukesh Joshi,1VB21EC008,2021,ECE,53.6,35.1,5.2,1,47.0,35.1,62.9,77.7,2.8,2.6,1.7,0.6,1.0,1.2,3,1,1,1,1,6,7400,8.6,6.2,10.0,0,0.0
Naveen Gupta,1VB20CV009,2020,CIVIL,37.5,41.6,4.0,2,17.4,24.8,63.6,,2.3,1.2,1.4,2.4,0.0,2.0,4,1,1,0,0,0,0,4.8,9.8,9.6,0,0.0
Neha Iyer,1VB21DS010,2021,DS,48.6,52.0,5.72,1,35.5,,79.6,63.8,5.6,4.7,4.5,5.8,5.9,4.2,0,1,0,0,1,4,17000,6.8,4.4,10.0,0,0.0
Nikhil Pillai,1VB21CV011,2021,CIVIL,58.2,56.9,6.5,0,46.8,59.1,31.4,20.2,3.0,1.2,1.8,0.0,1.2,2.9,1,3,1,0,1,1,16600,2.9,9.1,7.1,0,0.0
Nisha Menon,1VB21ME012,2021,MECH,94.4,100.0,8.09,0,75.3,83.5,54.7,,8.5,7.5,5.9,5.4,6.6,7.1,2,2,0,1,0,0,0,5.5,4.3,10.0,1,20.03
Pallavi Naidu,1VB21CS013,2021,CSE,84.8,63.1,7.9,0,73.0,34.3,72.4,,5.8,4.7,3.6,4.4,6.2,4.0,4,1,1,0,0,0,0,4.1,6.0,10.0,1,15.4
Pooja Hegde,1VB20EC014,2020,ECE,58.4,65.3,5.46,4,63.8,50.9,31.0,30.5,9.7,8.6,9.4,9.0,6.5,6.8,3,4,3,0,0,0,0,3.6,7.5,6.7,1,17.44
Prabhu Gowda,1VB20CS015,2020,CSE,69.2,76.2,6.39,0,63.2,66.1,75.6,60.0,6.1,7.5,4.6,6.3,3.7,6.3,2,1,1,2,0,0,0,6.6,6.4,10.0,1,15.07
Prasad Patil,1VB21DS016,2021,DS,59.6,60.0,7.07,0,69.5,54.6,82.1,91.1,10.0,10.0,9.0,6.2,8.1,5.8,4,1,2,0,1,6,22000,9.7,8.0,9.6,1,22.0
Preethi Shinde,1VB22EC017,2022,ECE,83.1,74.9,7.22,0,74.3,94.7,75.4,63.2,8.8,8.4,7.4,7.5,7.7,8.4,5,0,1,0,1,3,18100,7.0,9.1,10.0,1,16.89
Priya More,1VB20IS018,2020,ISE,42.2,49.5,4.92,1,27.0,45.3,83.9,83.5,7.0,5.1,7.3,6.7,5.0,4.4,3,6,3,1,0,0,0,7.5,8.6,10.0,0,0.0
Rahul Desai,1VB22CV019,2022,CIVIL,35.0,35.0,4.16,3,50.3,28.8,62.1,46.3,4.0,4.2,3.4,2.2,4.8,1.5,4,0,2,0,0,0,0,9.4,6.8,10.0,0,0.0
Rajesh Bhat,1VB20CS020,2020,CSE,76.3,77.7,6.38,0,73.0,71.2,59.3,57.9,2.9,4.1,3.2,3.2,1.5,0.0,4,1,0,1,1,1,13000,5.8,9.7,9.8,0,0.0
Rakesh Kamath,1VB21DS021,2021,DS,35.0,52.7,4.0,3,74.6,35.1,64.4,59.1,4.0,2.9,4.8,1.8,3.4,5.6,5,3,1,0,0,0,0,6.0,5.3,7.8,0,0.0
Ramesh Shetty,1VB20IS022,2020,ISE,56.4,50.7,4.79,1,39.8,14.6,44.2,32.0,3.2,2.4,2.4,1.9,1.4,5.1,1,1,0,0,0,0,0,6.7,7.0,10.0,0,0.0
Ravi Murthy,1VB22CS023,2022,CSE,56.1,47.8,5.48,2,,41.1,52.2,48.7,8.4,5.3,7.4,7.5,7.7,5.8,0,1,2,1,0,0,0,6.7,5.9,10.0,0,0.0
Rekha Kulkarni,1VB22DS024,2022,DS,39.0,44.4,4.0,2,35.2,36.7,56.5,36.9,5.1,6.0,3.8,3.9,3.8,0.8,2,1,1,0,0,0,0,9.2,6.3,10.0,0,0.0
Rohan Deshpande,1VB22IS025,2022,ISE,48.0,55.2,4.86,4,57.0,54.3,67.4,42.4,6.1,6.0,5.1,3.4,3.3,5.0,2,5,2,0,0,0,0,6.0,8.9,8.6,0,0.0
Sahana Jain,1VB20EC026,2020,ECE,47.3,49.5,4.0,3,20.4,33.9,36.3,,0.7,0.3,1.8,0.2,0.3,1.6,4,2,1,0,0,0,0,3.5,4.1,6.6,0,0.0
Sandeep Shah,1VB20ME027,2020,MECH,51.8,53.1,5.3,2,52.2,33.6,43.9,40.1,3.3,6.7,2.9,5.0,1.8,1.3,2,5,0,0,0,0,0,5.2,5.5,8.9,0,0.0
Sangeetha Mehta,1VB21ME028,2021,MECH,95.0,95.8,9.77,0,100.0,56.0,50.4,59.6,6.9,6.7,5.4,5.6,3.3,4.5,2,3,1,1,1,2,16800,3.0,6.8,10.0,1,16.14
Sanjay Tiwari,1VB22CV029,2022,CIVIL,58.8,63.1,6.52,0,38.5,42.1,62.0,,4.3,3.8,3.8,6.5,6.1,6.3,0,4,2,0,0,0,0,3.7,6.1,7.7,0,0.0
Santosh Sharma,1VB22EE030,2022,EEE,70.7,65.1,7.28,1,52.7,50.9,60.7,51.9,5.6,6.5,3.5,4.4,2.1,5.4,1,2,2,0,0,0,0,6.0,3.8,10.0,0,0.0
Sarika Verma,1VB20EE031,2020,EEE,83.2,62.7,7.63,0,79.0,58.2,55.0,,7.5,6.9,5.4,4.1,4.5,2.1,2,2,2,0,1,1,17900,8.3,10.0,10.0,1,14.53
Seema Patel,1VB22IS032,2022,ISE,56.2,49.5,5.61,2,35.7,39.7,74.2,68.1,7.6,6.1,6.2,6.1,4.9,2.9,2,1,3,0,0,0,0,8.5,8.0,10.0,0,0.0
Shilpa Nair,1VB20DS033,2020,DS,66.8,81.3,6.18,1,75.9,62.7,49.0,43.5,3.4,3.6,3.5,0.8,3.1,5.3,4,0,0,0,1,1,14100,6.5,5.4,8.9,0,0.0
Shiva Reddy,1VB20EC034,2020,ECE,93.5,80.0,8.09,0,73.9,47.0,70.5,59.5,4.7,4.5,5.3,4.5,0.8,5.6,2,2,2,0,0,0,0,9.0,7.5,10.0,1,15.65
Shreya Kumar,1VB20EE035,2020,EEE,87.2,98.4,9.18,0,85.4,72.0,54.1,51.8,6.5,6.0,5.0,5.5,4.5,4.7,2,2,3,1,0,0,0,8.3,5.7,8.9,1,16.94
Siddharth Singh,1VB21EC036,2021,ECE,51.2,54.1,5.0,2,61.8,43.0,71.0,66.4,4.7,3.5,3.7,2.8,1.5,2.9,2,0,0,0,0,0,0,8.0,8.9,10.0,0,0.0
Sneha Rao,1VB20AI037,2020,AIML,77.6,76.9,6.88,0,47.1,58.8,87.0,81.9,6.3,8.6,6.6,5.1,1.4,7.5,0,3,2,1,1,1,16500,8.4,6.9,10.0,1,16.75
Suhas Joshi,1VB21EC038,2021,ECE,59.1,51.0,5.95,1,70.4,53.6,75.8,52.4,4.6,4.0,4.9,3.0,3.8,5.2,3,1,1,0,0,0,0,4.5,8.2,10.0,0,0.0
Sujan Gupta,1VB21AI039,2021,AIML,39.0,47.6,6.41,0,53.3,31.3,57.7,60.2,1.5,0.9,2.0,1.9,0.0,0.5,3,1,0,0,0,0,0,5.7,6.5,9.9,0,0.0
Suma Iyer,1VB22EE040,2022,EEE,65.5,75.3,6.33,0,62.2,45.1,44.8,22.2,5.2,8.2,4.5,6.1,4.0,3.7,1,2,1,0,1,2,18400,4.2,6.5,10.0,1,14.9
Sunitha Pillai,1VB20EC041,2020,ECE,68.8,64.0,7.05,1,84.3,83.4,60.6,62.0,5.7,4.5,6.8,2.8,4.7,3.5,3,1,0,0,1,3,19100,4.8,7.4,8.0,1,15.77
Suresh Menon,1VB21ME042,2021,MECH,78.8,91.2,9.4,0,86.5,75.6,70.3,61.9,5.9,6.8,4.0,1.0,5.1,3.5,7,2,1,1,0,0,0,5.8,2.8,,1,14.02
Swathi Naidu,1VB20EC043,2020,ECE,46.9,54.5,5.68,0,64.1,,62.0,57.7,3.0,2.5,0.1,0.2,2.3,1.5,1,4,4,1,0,0,0,3.3,7.5,9.3,0,0.0
Tarun Hegde,1VB20CS044,2020,CSE,56.9,62.2,5.79,0,48.2,42.1,72.7,58.8,10.0,9.9,7.4,8.9,7.3,10.0,2,5,2,0,0,0,0,8.6,7.6,10.0,1,16.73
Tejas Gowda,1VB21CS045,2021,CSE,53.4,50.8,6.27,0,57.2,46.7,55.0,47.5,4.6,2.9,4.1,3.9,2.5,2.9,1,1,2,0,1,3,14300,7.2,7.5,10.0,1,9.96
Uday Patil,1VB20AI046,2020,AIML,84.8,53.1,7.81,0,58.5,50.4,68.7,67.3,5.7,4.4,4.9,5.0,4.8,5.8,3,2,0,2,0,0,0,4.7,6.0,8.1,1,17.11
Uma Shinde,1VB20CV047,2020,CIVIL,41.0,55.5,5.16,0,59.3,50.3,57.0,61.8,3.7,5.7,2.0,2.9,4.8,5.3,4,0,0,0,1,6,13400,8.3,7.9,9.6,0,0.0
Varsha More,1VB20CS048,2020,CSE,47.5,81.6,6.9,1,58.1,62.8,55.1,47.7,7.1,5.4,6.7,4.1,4.1,7.0,2,1,3,0,0,0,0,5.7,6.7,9.4,0,0.0
Vijay Desai,1VB21CS049,2021,CSE,46.2,53.7,5.85,1,47.5,26.1,60.1,51.1,4.7,2.5,4.6,3.3,2.4,2.1,2,4,1,0,0,0,0,4.4,8.7,10.0,0,0.0
Vikas Bhat,1VB20AI050,2020,AIML,40.9,52.0,4.19,1,,59.4,72.8,65.9,8.2,9.6,8.0,5.1,7.1,8.6,4,0,0,0,0,0,0,5.7,4.6,10.0,1,16.41
Vinod Kamath,1VB22EC051,2022,ECE,93.3,90.5,9.51,0,77.3,75.8,19.1,29.7,9.2,7.0,7.7,8.4,7.0,5.6,4,2,2,0,1,6,26300,2.1,6.6,6.7,1,21.03
Vishnu Shetty,1VB20EC052,2020,ECE,66.9,51.0,6.51,0,59.5,49.0,49.4,50.2,2.6,2.1,0.8,2.3,0.5,0.0,1,5,3,0,1,1,6200,6.1,8.5,9.9,0,0.0
Yamini Murthy,1VB22AI053,2022,AIML,68.3,46.7,6.73,2,58.4,70.7,65.3,71.8,9.0,8.5,6.0,7.6,4.9,6.5,1,2,2,1,0,0,0,4.0,5.9,10.0,1,18.54
Yashoda Kulkarni,1VB20ME054,2020,MECH,74.0,55.5,6.17,0,49.3,75.6,56.7,49.1,5.1,6.8,2.4,2.7,5.4,5.0,2,1,2,0,1,1,13000,5.6,6.3,10.0,1,15.81
Zoya Deshpande,1VB21CS055,2021,CSE,93.6,98.2,9.65,0,68.7,66.0,59.4,52.9,10.0,9.4,10.0,7.9,8.2,6.3,2,2,0,0,1,6,20700,7.4,5.1,,1,22.0
Riya Jain,1VB21CS056,2021,CSE,59.4,77.9,6.04,1,64.1,47.9,85.6,74.2,3.0,2.4,1.5,1.2,2.1,2.7,3,1,4,0,0,0,0,6.3,8.5,7.7,0,0.0
Manish Shah,1VB22ME057,2022,MECH,54.0,35.0,5.01,3,61.5,42.1,62.6,65.5,3.9,3.8,3.9,3.9,3.9,0.0,2,0,2,1,0,0,0,2.5,8.7,10.0,0,0.0
Darshan Mehta,1VB21EE058,2021,EEE,72.0,64.0,6.45,0,65.2,73.4,86.4,72.1,4.3,2.3,1.6,2.4,2.2,3.6,2,3,3,0,1,5,14200,5.9,5.6,10.0,0,0.0
Keerthi Tiwari,1VB20AI059,2020,AIML,87.6,93.8,9.41,0,90.8,39.6,74.4,50.7,9.0,8.4,7.8,7.7,5.7,4.3,1,2,0,0,1,4,19600,7.3,5.2,10.0,1,22.0
Aarav Sharma,1VB21CS060,2021,CSE,71.2,81.3,6.66,1,62.9,59.3,76.2,74.6,8.4,8.3,8.3,8.2,4.5,4.8,5,1,1,1,1,3,19900,4.3,7.8,10.0,1,19.09
Aditya Verma,1VB22DS061,2022,DS,91.6,56.3,7.87,0,67.0,50.6,73.8,61.9,7.2,6.2,7.8,4.8,3.2,4.4,5,0,0,0,1,1,22300,6.0,6.0,10.0,1,18.93
Akash Patel,1VB22ME062,2022,MECH,71.6,63.4,7.75,0,54.6,68.3,50.1,54.1,5.6,4.9,4.8,5.2,4.0,3.1,4,2,2,0,0,0,0,7.0,5.0,8.3,0,0.0
Amit Nair,1VB20DS063,2020,DS,35.0,47.6,4.0,3,36.3,58.0,63.8,71.0,6.0,4.4,4.4,5.1,5.0,5.9,3,4,0,1,1,3,18900,6.3,5.1,8.4,0,0.0
Ananya Reddy,1VB21EC064,2021,ECE,64.8,76.6,6.99,0,63.8,51.3,86.5,87.8,7.9,7.6,5.3,6.6,8.3,6.8,1,1,0,0,1,4,23200,0.7,8.0,10.0,1,18.29
Anjali Kumar,1VB21CS065,2021,CSE,69.0,59.0,6.87,0,62.2,46.4,68.1,57.4,6.6,6.3,5.6,6.0,2.9,6.2,3,4,0,1,1,4,20900,5.2,5.8,9.7,1,14.58
Arjun Singh,1VB22ME066,2022,MECH,75.9,79.6,8.79,0,84.4,77.5,66.0,48.2,5.6,4.8,4.3,4.6,4.2,6.0,4,2,1,0,1,3,11700,3.2,6.8,10.0,1,15.64
Aryan Rao,1VB20DS067,2020,DS,35.0,35.0,4.0,3,28.2,27.3,68.9,69.4,4.6,2.5,4.1,7.0,1.0,4.8,5,6,1,0,0,0,0,3.7,4.6,10.0,0,0.0
Ashok Joshi,1VB22EC068,2022,ECE,98.2,99.5,9.65,0,66.7,92.7,68.2,82.2,9.2,5.4,7.9,3.7,7.3,4.4,2,2,3,0,1,1,21900,2.5,6.1,10.0,1,22.0
Bhavana Gupta,1VB21EC069,2021,ECE,71.7,82.6,6.42,0,65.4,61.4,33.1,,9.3,8.9,9.2,7.8,5.6,3.5,8,0,1,0,0,0,0,8.0,8.0,6.4,1,20.27
Charan Iyer,1VB21IS070,2021,ISE,64.9,91.7,6.43,0,54.1,54.7,85.3,87.6,3.8,5.2,3.2,0.0,3.0,2.6,1,4,4,0,0,0,0,9.0,9.0,10.0,1,13.23
Chinmay Pillai,1VB21ME071,2021,MECH,35.0,35.0,4.0,3,24.9,10.7,57.8,65.6,0.0,0.0,0.4,0.0,1.6,0.0,1,4,0,1,1,1,7000,6.0,6.1,9.3,0,0.0
Deepa Menon,1VB20CS072,2020,CSE,35.0,35.0,4.0,2,47.6,32.6,57.4,54.4,5.1,5.4,3.0,2.1,3.8,2.4,5,3,1,0,1,4,16100,5.0,5.7,9.8,0,0.0
Deepak Naidu,1VB21AI073,2021,AIML,46.0,35.0,4.63,1,53.0,44.2,65.5,64.5,5.3,3.9,2.6,6.0,4.9,5.6,3,2,1,0,0,0,0,4.6,7.5,10.0,0,0.0
Divya Hegde,1VB22EC074,2022,ECE,62.4,45.1,5.01,4,30.9,26.5,50.4,45.7,5.0,5.2,4.9,3.5,3.1,2.4,1,0,3,0,0,0,0,6.0,7.2,9.0,0,0.0
Ganesh Gowda,1VB22AI075,2022,AIML,91.0,83.8,8.81,0,70.7,61.8,55.3,47.6,10.0,6.5,7.9,6.2,8.2,8.3,1,4,4,0,1,4,28500,3.6,6.5,10.0,1,22.0
Geeta Patil,1VB20AI076,2020,AIML,48.5,46.9,5.48,1,42.1,55.7,70.2,60.5,2.7,1.8,2.9,2.3,1.4,1.7,3,0,1,0,0,0,0,5.6,8.2,9.9,0,0.0
Gopal Shinde,1VB21DS077,2021,DS,68.9,75.4,7.1,0,69.4,49.3,65.1,51.2,5.9,5.5,4.5,4.8,4.7,2.5,2,2,2,0,0,0,0,6.3,7.5,5.3,1,16.85
Harish More,1VB22EE078,2022,EEE,51.0,45.8,7.05,0,49.3,25.9,53.7,52.3,3.6,3.1,1.1,1.9,1.1,2.0,1,5,2,1,0,0,0,7.6,10.0,7.3,0,0.0
Harsha Desai,1VB21DS079,2021,DS,47.5,52.7,4.45,0,52.5,53.3,50.2,44.3,5.8,6.0,4.5,2.8,4.8,3.1,5,3,1,0,0,0,0,3.5,5.8,10.0,0,0.0
Hemanth Bhat,1VB20EC080,2020,ECE,35.7,40.7,4.15,3,22.0,34.3,64.1,45.9,1.0,2.6,0.2,2.0,0.8,0.0,3,3,0,0,1,3,7200,7.3,5.9,10.0,0,0.0
Indu Kamath,1VB22IS081,2022,ISE,64.7,65.6,6.95,0,43.2,,46.6,38.5,6.2,6.8,5.5,5.1,5.0,4.4,3,1,1,1,1,1,15100,8.1,6.0,10.0,1,16.57
Jagadish Shetty,1VB20DS082,2020,DS,71.6,62.5,6.01,0,64.0,54.1,30.0,31.9,4.8,4.8,4.8,5.4,4.1,3.3,6,7,0,0,0,0,0,4.6,6.9,7.2,0,0.0
Jaya Murthy,1VB21CS083,2021,CSE,42.4,48.9,5.01,0,44.6,39.2,32.1,27.7,4.9,4.4,6.1,5.2,5.6,0.5,5,3,2,0,1,5,14600,3.8,7.8,8.0,1,11.4
Karthik Kulkarni,1VB21CS084,2021,CSE,67.0,79.3,7.63,0,65.8,56.7,76.4,83.5,8.7,8.2,8.5,10.0,6.7,4.2,2,2,1,0,1,3,23900,5.2,4.9,10.0,1,19.45
Kavitha Deshpande,1VB21EE085,2021,EEE,53.8,60.1,5.79,1,39.2,83.4,66.8,58.9,5.3,3.8,4.6,2.0,3.1,3.4,2,4,0,2,0,0,0,8.5,6.0,10.0,0,0.0
Kiran Jain,1VB22EE086,2022,EEE,72.5,75.2,7.01,0,59.9,43.9,78.4,64.7,6.1,7.8,5.9,4.3,4.5,4.4,4,2,2,1,1,6,16600,4.8,8.3,10.0,1,12.39
Kriti Shah,1VB22EC087,2022,ECE,65.1,48.9,5.58,2,38.6,,66.4,75.1,3.4,2.8,2.1,3.8,5.1,2.7,0,2,2,0,0,0,0,5.7,7.0,10.0,0,0.0
Kumar Mehta,1VB21EE088,2021,EEE,73.0,66.9,7.04,0,76.6,30.8,55.1,48.6,4.6,3.5,4.9,5.6,4.6,2.6,3,2,2,0,0,0,0,6.2,9.6,8.7,0,0.0
Lakshmi Tiwari,1VB20AI089,2020,AIML,57.7,51.3,4.9,1,57.4,32.2,61.4,64.7,4.8,6.3,3.2,3.9,2.9,5.8,1,2,2,0,0,0,0,6.6,8.0,10.0,0,0.0
Lavanya Sharma,1VB20EE090,2020,EEE,87.0,74.5,8.71,0,52.0,59.2,42.8,35.2,7.1,5.7,6.9,5.9,4.7,2.7,1,3,1,1,1,2,19400,5.0,6.7,9.5,1,16.43
Lokesh Verma,1VB21AI091,2021,AIML,63.6,50.1,6.06,0,72.7,22.9,51.5,52.3,4.7,4.5,4.7,4.8,1.7,5.1,2,2,0,0,0,0,0,7.7,6.3,7.6,0,0.0
Madhu Patel,1VB21CS092,2021,CSE,68.8,64.7,6.42,0,64.7,67.9,53.3,42.3,5.0,5.1,4.5,3.7,3.7,5.2,2,2,2,1,0,0,0,5.7,8.1,,1,14.46
Mahesh Nair,1VB22EC093,2022,ECE,71.6,56.3,5.68,1,65.1,41.7,59.3,73.1,7.8,6.6,6.6,7.7,4.8,4.4,0,5,1,1,0,0,0,2.2,8.9,10.0,1,15.49
Mala Reddy,1VB21CS094,2021,CSE,66.1,69.1,5.28,2,45.0,65.5,41.1,30.3,1.4,0.4,1.4,2.7,1.8,0.0,2,0,0,0,0,0,0,5.1,7.6,8.1,0,0.0
Meena Kumar,1VB20CS095,2020,CSE,92.2,76.3,7.96,0,68.1,71.6,51.8,62.9,6.1,5.8,6.6,6.7,2.1,5.0,0,0,1,0,1,2,19600,4.5,5.1,8.3,1,19.21
Mohan Singh,1VB20AI096,2020,AIML,60.2,36.8,6.06,1,51.4,56.9,48.0,46.3,6.6,4.8,6.6,6.0,3.7,3.5,4,2,2,0,0,0,0,5.4,6.2,9.8,0,0.0
Monisha Rao,1VB22EC097,2022,ECE,61.2,59.5,7.29,0,68.0,54.5,67.1,62.6,4.2,5.0,2.2,2.5,2.7,3.8,0,1,2,0,1,1,8400,7.0,8.7,,0,0.0
Mukesh Joshi,1VB21CV098,2021,CIVIL,57.1,52.4,5.26,1,29.3,,78.4,64.2,3.8,4.0,4.5,1.0,4.3,0.5,0,4,3,0,0,0,0,7.9,6.7,10.0,0,0.0
Naveen Gupta,1VB22AI099,2022,AIML,76.2,100.0,7.46,0,73.6,73.3,59.4,64.3,4.7,3.0,3.5,4.6,3.2,1.4,1,0,2,1,1,6,12100,5.3,7.7,7.5,1,16.43
Neha Iyer,1VB21CV000,2021,CIVIL,99.0,89.9,8.73,0,72.7,42.0,51.5,49.9,6.4,3.5,5.9,6.4,2.6,3.7,3,1,1,1,0,0,0,5.8,6.0,9.9,0,0.0
Nikhil Pillai,1VB20ME001,2020,MECH,61.8,60.5,5.61,0,51.5,65.6,58.6,57.4,2.8,0.8,4.2,2.7,2.2,0.8,2,1,0,0,1,6,9200,7.4,7.3,10.0,0,0.0
Nisha Menon,1VB22EE002,2022,EEE,71.8,49.1,7.51,0,81.0,72.4,62.2,52.8,6.4,4.6,5.2,2.8,5.8,4.5,3,3,2,1,1,5,20700,5.8,8.1,9.3,1,15.39
Pallavi Naidu,1VB20AI003,2020,AIML,45.2,35.0,4.38,2,24.4,26.1,67.3,57.8,7.3,4.7,7.1,3.6,3.3,2.3,3,3,0,1,1,3,19900,5.6,5.7,10.0,0,0.0
Pooja Hegde,1VB22DS004,2022,DS,40.9,69.7,5.49,3,43.4,31.2,47.5,19.8,8.4,6.7,6.8,9.0,6.5,5.6,0,2,0,0,0,0,0,6.0,9.8,10.0,0,0.0
Prabhu Gowda,1VB21CV005,2021,CIVIL,56.7,70.5,5.76,0,56.4,49.2,60.6,58.5,3.0,3.0,2.4,2.1,2.2,0.7,1,1,2,0,1,1,18600,4.7,4.7,10.0,0,0.0
Prasad Patil,1VB20IS006,2020,ISE,72.9,78.5,6.96,1,80.5,67.4,55.9,64.4,6.7,6.5,6.5,6.5,4.3,6.9,8,3,0,0,1,6,17300,3.5,6.4,9.6,1,18.15
Preethi Shinde,1VB21DS007,2021,DS,62.4,68.6,6.38,0,,51.4,58.1,53.8,9.8,10.0,9.8,5.9,8.7,5.5,1,1,2,0,1,6,23600,4.2,6.6,10.0,1,21.44
Priya More,1VB20CV008,2020,CIVIL,53.2,50.6,5.65,1,49.7,62.0,48.1,50.2,4.1,3.8,2.7,4.3,4.9,3.4,3,0,1,3,0,0,0,7.1,6.0,7.4,0,0.0
Rahul Desai,1VB22EE009,2022,EEE,45.7,68.0,5.49,1,54.9,,50.4,58.7,7.6,5.1,7.6,6.1,5.6,3.3,6,0,1,0,0,0,0,4.4,7.5,6.1,0,0.0
Rajesh Bhat,1VB21AI010,2021,AIML,97.0,86.7,9.31,0,82.6,73.0,75.8,64.5,10.0,9.3,9.6,7.7,8.0,7.5,5,3,0,0,1,2,22600,5.8,8.0,10.0,1,22.0
Rakesh Kamath,1VB20CS011,2020,CSE,50.3,67.2,6.53,0,73.3,39.3,63.6,57.6,9.1,8.1,8.7,4.1,6.4,5.0,2,0,1,0,0,0,0,5.4,9.0,8.9,1,15.77
Ramesh Shetty,1VB21AI012,2021,AIML,67.2,64.8,7.58,0,59.7,44.1,74.6,68.1,9.0,6.8,7.2,6.1,9.5,7.4,3,2,2,0,1,3,19000,5.1,6.4,10.0,1,18.96
Ravi Murthy,1VB21CS013,2021,CSE,47.0,55.3,4.9,2,61.1,48.0,57.1,51.1,2.5,4.3,3.5,0.5,1.1,1.1,2,2,2,0,0,0,0,7.2,6.6,8.7,0,0.0
Rekha Kulkarni,1VB21DS014,2021,DS,45.9,35.0,4.52,3,32.3,36.5,17.5,22.0,7.5,7.2,5.0,5.6,6.8,4.9,1,2,1,0,0,0,0,3.9,8.1,8.6,0,0.0
Rohan Deshpande,1VB22EC015,2022,ECE,49.3,63.6,4.0,0,19.9,56.0,29.3,23.5,4.2,5.1,2.4,2.4,3.6,4.3,2,1,0,0,0,0,0,7.6,4.1,10.0,0,0.0
Sahana Jain,1VB21CV016,2021,CIVIL,44.3,43.3,4.92,2,21.7,34.5,60.1,53.6,3.9,4.3,2.8,2.8,4.1,2.1,6,3,0,1,1,1,10400,4.5,6.2,10.0,0,0.0
Sandeep Shah,1VB22EC017,2022,ECE,75.1,77.4,5.36,4,30.4,56.2,70.9,,0.3,2.4,0.0,1.2,0.6,0.0,2,3,2,0,0,0,0,5.6,6.1,10.0,0,0.0
Sangeetha Mehta,1VB22ME018,2022,MECH,58.2,72.0,4.94,1,57.0,50.8,64.6,50.3,3.0,2.3,2.5,3.2,3.1,3.7,0,0,2,0,1,1,12100,5.6,6.4,8.6,0,0.0
Sanjay Tiwari,1VB22EC019,2022,ECE,58.1,52.8,5.97,0,62.5,47.5,45.9,43.1,8.1,6.1,6.9,8.2,4.8,5.2,2,0,1,0,0,0,0,6.2,5.1,6.0,1,16.5
Santosh Sharma,1VB20CS020,2020,CSE,65.5,60.3,6.26,0,84.8,47.8,100.0,90.2,4.6,4.0,3.0,4.4,4.8,0.6,1,4,2,0,0,0,0,4.7,6.5,10.0,1,12.02
Sarika Verma,1VB21IS021,2021,ISE,82.5,94.5,8.93,0,74.7,95.0,34.9,27.6,6.1,6.3,4.6,5.1,4.3,3.5,3,2,2,0,1,6,16300,7.3,5.4,5.6,1,15.93
Seema Patel,1VB20CS022,2020,CSE,71.7,61.2,5.54,0,45.3,,48.5,54.6,5.1,4.6,2.7,3.1,0.7,2.4,0,2,1,0,0,0,0,5.9,3.3,10.0,0,0.0
Shilpa Nair,1VB20CV023,2020,CIVIL,35.0,55.6,4.0,2,36.0,17.9,51.9,30.9,5.2,5.4,3.8,5.6,0.8,2.6,3,1,2,2,0,0,0,4.7,4.8,5.9,0,0.0
Shiva Reddy,1VB22EE024,2022,EEE,90.7,100.0,9.43,0,60.0,58.6,75.5,67.6,7.1,6.6,4.7,5.7,6.7,5.4,3,1,0,0,1,3,19400,8.7,7.6,10.0,1,15.78
Shreya Kumar,1VB22CV025,2022,CIVIL,53.2,49.2,5.92,0,55.5,51.3,43.6,55.0,7.2,7.4,6.6,7.4,3.6,4.4,3,0,0,1,0,0,0,5.8,7.0,10.0,0,0.0
Siddharth Singh,1VB22EC026,2022,ECE,100.0,82.4,9.51,0,81.0,54.7,80.6,78.8,6.8,3.7,5.6,7.2,4.1,5.4,5,0,1,1,0,0,0,3.1,8.6,8.9,1,16.42
Sneha Rao,1VB21CV027,2021,CIVIL,64.0,71.3,7.35,0,78.5,36.1,43.9,32.7,6.2,3.2,5.0,6.1,7.9,3.9,2,5,2,0,0,0,0,4.9,9.1,5.0,0,0.0
Suhas Joshi,1VB22EE028,2022,EEE,63.5,48.2,5.79,2,60.0,37.0,76.1,74.2,7.6,7.0,4.7,5.6,4.1,6.4,1,1,0,0,0,0,0,4.1,6.9,10.0,0,0.0
Sujan Gupta,1VB21IS029,2021,ISE,39.8,59.3,5.57,1,60.6,47.5,81.1,58.4,1.7,0.9,3.9,2.1,2.6,0.0,3,1,1,0,0,0,0,4.9,6.0,8.5,0,0.0
Suma Iyer,1VB21CS030,2021,CSE,52.1,48.5,6.55,0,61.1,32.3,72.0,62.9,7.1,6.6,6.2,4.9,5.4,4.5,4,2,4,0,0,0,0,5.1,7.6,9.7,1,16.25
Sunitha Pillai,1VB22IS031,2022,ISE,100.0,100.0,10.0,0,59.3,68.4,31.7,26.1,9.8,7.1,9.1,6.3,5.6,4.6,2,1,1,2,1,5,23900,4.8,4.2,6.6,1,21.57
Suresh Menon,1VB21CS032,2021,CSE,57.6,54.7,5.31,2,36.3,51.8,64.6,41.0,4.8,4.4,5.0,0.0,2.5,2.1,3,3,2,0,1,6,19200,5.0,6.7,10.0,0,0.0
Swathi Naidu,1VB22CS033,2022,CSE,64.0,38.8,7.23,0,68.7,,76.3,67.2,8.9,8.5,9.4,7.5,5.7,4.2,1,3,2,0,0,0,0,5.5,5.6,10.0,1,20.55
Tarun Hegde,1VB20EE034,2020,EEE,57.3,54.2,6.87,0,56.4,52.2,58.0,51.2,5.0,3.6,3.3,4.2,5.2,1.8,5,0,2,0,0,0,0,3.2,6.1,9.6,0,0.0
Tejas Gowda,1VB21ME035,2021,MECH,89.4,73.5,8.32,0,38.8,58.6,65.6,62.2,5.8,4.7,5.4,7.2,2.8,2.9,5,1,2,0,1,3,17400,3.7,7.9,9.1,0,0.0
Uday Patil,1VB22CS036,2022,CSE,100.0,100.0,9.71,0,95.1,,41.9,36.6,10.0,9.3,8.9,7.2,7.3,7.4,3,2,1,0,1,1,25100,4.7,6.4,9.9,1,21.82
Uma Shinde,1VB21ME037,2021,MECH,56.1,85.0,6.85,0,40.5,51.3,82.2,58.1,5.7,3.0,4.7,3.1,4.0,2.9,1,4,3,0,1,4,18000,6.8,4.2,10.0,0,0.0
Varsha More,1VB20IS038,2020,ISE,52.6,61.5,4.0,3,38.6,50.0,37.2,35.8,5.1,5.6,5.5,3.2,0.9,2.5,5,1,0,0,0,0,0,5.3,8.4,5.6,0,0.0
Vijay Desai,1VB21IS039,2021,ISE,44.3,52.4,4.86,3,26.1,52.8,82.8,87.9,7.0,6.5,6.0,7.0,6.7,4.9,3,2,0,0,0,0,0,8.1,5.3,10.0,0,0.0
Vikas Bhat,1VB21ME040,2021,MECH,57.3,53.0,4.91,1,48.3,63.7,27.8,43.3,0.7,0.6,0.5,0.9,1.6,3.4,2,1,0,0,0,0,0,5.4,9.4,6.7,0,0.0
Vinod Kamath,1VB20IS041,2020,ISE,81.2,88.8,8.09,0,,71.1,85.8,77.8,9.6,9.2,9.4,8.5,4.7,3.8,6,2,0,0,1,1,19800,7.7,6.3,10.0,1,22.0
Vishnu Shetty,1VB20AI042,2020,AIML,35.0,35.4,4.4,1,33.5,56.4,82.1,73.0,6.7,7.6,5.6,4.4,4.2,4.2,0,3,0,1,0,0,0,5.3,7.3,,0,0.0
Yamini Murthy,1VB21ME043,2021,MECH,56.6,72.9,4.95,1,52.6,,80.9,73.2,7.6,6.3,5.2,5.1,6.3,3.3,2,1,1,0,0,0,0,8.7,7.9,10.0,0,0.0
Yashoda Kulkarni,1VB22EE044,2022,EEE,50.5,35.0,4.22,1,31.5,46.6,69.8,60.5,4.1,3.2,2.8,3.1,3.9,3.5,3,1,2,1,1,6,13100,3.8,6.2,8.3,0,0.0
Zoya Deshpande,1VB21CS045,2021,CSE,49.6,35.0,5.34,0,54.7,55.0,63.3,57.0,4.1,2.3,2.4,1.6,3.3,2.1,4,1,3,0,0,0,0,5.3,6.2,10.0,0,0.0
Riya Jain,1VB21ME046,2021,MECH,78.9,66.8,6.59,0,59.1,69.0,49.0,45.0,3.0,1.5,3.6,2.3,1.4,0.0,6,3,0,1,1,3,10800,4.7,5.7,8.3,0,0.0
Manish Shah,1VB22EC047,2022,ECE,89.5,100.0,8.89,0,74.1,64.6,48.1,45.6,7.8,6.4,7.3,7.7,7.7,6.4,1,5,0,0,1,6,17500,7.9,6.4,8.7,1,18.49
Darshan Mehta,1VB20CS048,2020,CSE,60.1,68.1,6.83,0,50.4,10.0,66.9,58.0,5.5,5.0,2.0,3.1,6.7,1.3,3,1,2,1,1,1,15500,3.8,7.3,10.0,1,12.59
Keerthi Tiwari,1VB21IS049,2021,ISE,52.4,38.6,4.72,1,27.8,57.5,73.8,76.3,4.0,5.7,4.5,2.1,6.0,4.4,0,2,4,0,0,0,0,5.7,5.3,10.0,0,0.0
Aarav Sharma,1VB21IS050,2021,ISE,62.3,44.0,5.75,3,41.3,52.8,54.1,53.6,2.1,3.3,1.5,2.5,2.0,0.0,2,1,3,1,0,0,0,3.8,6.6,8.8,0,0.0
Aditya Verma,1VB22CV051,2022,CIVIL,58.0,48.6,6.34,0,67.3,40.4,68.8,64.3,2.3,2.8,2.4,0.0,3.0,1.7,1,1,3,0,0,0,0,7.4,5.2,7.0,0,0.0
Akash Patel,1VB22ME052,2022,MECH,81.8,47.3,7.48,0,60.6,64.7,80.6,67.4,4.2,4.3,4.4,3.9,3.4,3.2,3,1,0,0,0,0,0,6.4,9.5,10.0,0,0.0
Amit Nair,1VB21IS053,2021,ISE,54.3,44.4,4.55,3,49.8,52.1,75.9,56.7,3.8,2.8,2.9,4.1,1.2,0.7,5,1,2,2,0,0,0,7.2,4.6,10.0,0,0.0
Ananya Reddy,1VB22ME054,2022,MECH,75.9,82.2,6.57,2,62.9,58.2,80.5,80.4,5.9,5.2,6.3,2.4,3.9,2.1,5,2,2,0,1,3,16300,6.7,9.5,,0,0.0
Anjali Kumar,1VB22CS055,2022,CSE,89.0,98.0,8.85,0,79.5,97.3,74.8,79.5,10.0,7.8,10.0,9.6,6.1,6.8,3,3,4,0,1,3,25800,6.4,6.9,10.0,1,19.72
Arjun Singh,1VB21CV056,2021,CIVIL,52.2,49.7,5.52,1,29.6,64.5,59.0,63.1,3.1,0.7,1.4,5.8,0.6,1.2,0,0,0,0,1,5,11800,7.1,6.5,9.3,0,0.0
Aryan Rao,1VB20CV057,2020,CIVIL,40.4,55.8,4.92,1,32.4,43.4,59.6,55.3,2.5,3.5,2.8,4.6,0.0,0.1,2,3,2,0,0,0,0,10.0,6.8,9.0,0,0.0
Ashok Joshi,1VB21EC058,2021,ECE,73.2,78.6,5.99,0,66.1,81.5,67.1,62.9,5.7,5.4,5.4,3.6,2.2,5.9,2,1,1,0,0,0,0,7.6,6.5,9.9,1,15.19
Bhavana Gupta,1VB21ME059,2021,MECH,63.7,65.4,5.89,3,56.5,77.2,90.0,77.0,3.8,2.4,3.8,5.0,1.6,3.3,2,2,1,1,1,4,13200,7.1,9.2,10.0,0,0.0
Charan Iyer,1VB22DS060,2022,DS,51.0,48.2,5.01,1,,43.4,49.4,45.6,3.8,1.7,3.1,3.4,3.9,0.0,3,1,0,0,0,0,0,8.1,6.6,9.1,0,0.0
Chinmay Pillai,1VB21CS061,2021,CSE,74.8,82.6,6.59,0,40.4,,46.2,47.2,8.5,5.5,8.4,4.8,5.1,5.3,4,2,4,0,0,0,0,6.0,8.2,6.9,1,15.03
Deepa Menon,1VB22AI062,2022,AIML,58.7,50.5,5.2,4,77.6,33.6,74.4,55.9,4.3,5.2,4.0,6.5,1.2,0.8,2,3,2,0,0,0,0,6.5,8.7,,0,0.0
Deepak Naidu,1VB21CV063,2021,CIVIL,72.3,70.3,7.25,2,59.4,80.0,70.8,55.3,5.2,4.5,4.1,3.3,5.7,0.8,6,2,0,2,0,0,0,4.0,9.2,9.1,0,0.0
Divya Hegde,1VB20EC064,2020,ECE,60.5,74.4,5.74,4,33.9,37.3,71.5,63.0,6.2,5.1,7.1,4.1,4.0,2.4,2,4,0,0,0,0,0,4.1,5.2,10.0,0,0.0
Ganesh Gowda,1VB21AI065,2021,AIML,87.8,74.4,7.11,0,58.3,67.4,80.9,63.7,7.6,8.1,6.9,7.5,5.5,4.1,4,3,1,0,0,0,0,5.3,6.4,10.0,1,17.53
Geeta Patil,1VB21EC066,2021,ECE,64.3,79.0,7.29,0,65.1,59.8,78.6,64.0,4.8,7.2,3.1,2.2,6.0,5.9,3,2,1,2,0,0,0,5.9,8.5,10.0,1,13.54
Gopal Shinde,1VB21CV067,2021,CIVIL,76.3,78.5,7.36,0,100.0,76.1,54.0,53.1,3.5,2.2,4.9,1.8,1.9,0.0,5,0,1,1,1,4,14400,9.9,7.1,7.8,0,0.0
Harish More,1VB20IS068,2020,ISE,76.3,75.6,8.27,0,65.0,68.2,80.3,47.6,7.4,5.6,5.3,5.8,4.2,5.7,2,2,0,0,1,2,21900,5.4,4.8,10.0,1,19.85
Harsha Desai,1VB22EC069,2022,ECE,35.0,45.7,4.0,1,23.6,55.8,85.9,77.4,2.3,0.6,0.5,3.1,2.1,0.0,0,1,1,1,1,1,9800,3.5,7.8,10.0,0,0.0
Hemanth Bhat,1VB22CV070,2022,CIVIL,64.9,64.7,7.17,0,62.3,68.4,78.3,77.6,6.4,5.1,4.8,3.0,2.0,3.4,5,1,2,0,1,2,19700,7.3,7.2,10.0,0,0.0
Indu Kamath,1VB22CS071,2022,CSE,83.1,85.9,7.16,1,78.1,47.0,72.3,69.4,6.9,7.9,7.4,5.2,3.9,4.1,1,4,1,1,0,0,0,3.3,7.1,,1,17.44
Jagadish Shetty,1VB21EC072,2021,ECE,99.2,100.0,9.98,0,77.1,73.9,57.4,59.1,8.8,8.0,8.7,5.6,9.0,6.3,1,1,2,1,0,0,0,4.5,7.2,8.7,1,22.0
Jaya Murthy,1VB21CV073,2021,CIVIL,74.8,74.6,6.05,0,57.0,49.4,58.0,43.8,3.0,3.0,2.5,1.8,0.9,2.0,2,3,0,0,0,0,0,6.7,5.5,,0,0.0
Karthik Kulkarni,1VB21CS074,2021,CSE,98.3,77.9,8.36,0,73.9,65.0,60.9,58.1,8.7,9.9,7.3,8.4,5.4,8.6,5,2,1,1,1,4,16900,5.7,7.3,7.7,1,19.96
Kavitha Deshpande,1VB22EE075,2022,EEE,35.0,36.5,4.0,1,16.3,37.1,59.4,52.8,1.3,0.2,2.1,0.1,2.4,0.0,1,3,1,0,0,0,0,9.1,3.3,9.2,0,0.0
Kiran Jain,1VB21CS076,2021,CSE,61.4,74.8,8.04,0,60.0,45.4,62.8,46.9,10.0,10.0,10.0,7.5,5.0,7.8,2,0,1,0,1,6,30700,5.5,7.5,10.0,1,22.0
Kriti Shah,1VB22AI077,2022,AIML,46.3,49.2,4.21,2,69.0,57.7,67.2,64.3,1.2,1.4,1.8,0.5,1.8,0.0,1,3,1,2,0,0,0,8.6,7.3,9.4,0,0.0
Kumar Mehta,1VB21EC078,2021,ECE,65.5,82.3,7.6,0,70.4,74.5,95.5,77.7,8.0,7.6,6.4,8.3,4.1,5.3,3,2,0,0,1,4,15000,6.8,7.6,10.0,1,17.61
Lakshmi Tiwari,1VB21ME079,2021,MECH,62.5,60.6,5.87,0,44.5,81.0,46.8,40.5,1.6,1.3,0.4,4.0,0.0,0.0,1,1,3,1,0,0,0,4.0,5.7,8.9,0,0.0
Lavanya Sharma,1VB21CS080,2021,CSE,86.4,75.7,8.44,0,53.1,53.1,69.7,62.0,5.7,6.5,5.6,2.5,4.9,0.0,0,2,1,0,0,0,0,5.9,5.5,9.4,1,16.84
Lokesh Verma,1VB21EC081,2021,ECE,61.3,54.0,6.73,0,53.3,52.6,52.9,46.4,8.0,6.4,8.0,7.0,5.5,5.8,4,1,0,0,0,0,0,6.5,6.8,9.2,1,15.05
Madhu Patel,1VB22IS082,2022,ISE,57.2,63.5,5.42,0,29.5,45.7,83.3,71.9,1.3,2.1,0.0,0.6,2.9,0.0,8,0,0,0,1,2,11800,8.0,8.0,10.0,0,0.0
Mahesh Nair,1VB21ME083,2021,MECH,95.5,100.0,10.0,0,96.6,77.2,32.1,36.6,6.7,6.8,5.8,3.3,5.0,6.2,1,0,1,0,1,6,20700,5.8,6.4,6.7,1,14.29
Mala Reddy,1VB20DS084,2020,DS,56.8,51.7,6.02,1,74.5,70.7,64.8,52.6,4.8,5.4,4.1,5.9,2.5,5.3,0,2,0,0,1,6,15000,7.4,7.0,10.0,1,14.7
Meena Kumar,1VB20EC085,2020,ECE,35.0,35.0,4.0,0,60.0,23.5,56.2,35.0,3.0,0.3,3.4,2.6,5.2,0.7,4,2,1,0,0,0,0,7.3,7.4,8.9,0,0.0
Mohan Singh,1VB21ME086,2021,MECH,56.7,54.0,6.0,2,65.4,74.4,48.5,58.4,4.1,2.1,3.3,3.9,3.4,2.1,2,3,1,0,0,0,0,10.0,5.9,9.7,0,0.0
Monisha Rao,1VB20CS087,2020,CSE,63.9,63.9,5.8,1,50.5,29.2,95.3,91.5,6.6,5.9,5.2,3.8,5.8,2.9,2,0,0,1,1,6,18400,5.1,6.1,10.0,1,14.38
Mukesh Joshi,1VB21ME088,2021,MECH,43.3,41.0,4.0,2,60.4,23.1,85.9,66.6,2.5,2.5,3.6,1.9,2.2,0.0,2,2,2,1,0,0,0,6.4,8.5,10.0,0,0.0
Naveen Gupta,1VB22EE089,2022,EEE,48.0,52.7,4.69,1,31.0,30.1,74.6,,2.5,3.9,1.9,0.0,4.0,0.0,2,4,3,1,0,0,0,7.6,7.6,10.0,0,0.0
Neha Iyer,1VB21ME090,2021,MECH,66.0,49.1,7.16,0,63.1,61.6,57.9,50.5,5.6,6.5,2.8,3.3,2.8,2.9,3,1,1,0,1,6,19300,4.9,7.5,8.1,0,0.0
Nikhil Pillai,1VB21CV091,2021,CIVIL,64.0,47.4,5.33,2,63.0,39.2,41.5,,3.1,2.6,2.4,3.7,2.4,0.5,1,4,2,1,0,0,0,4.8,6.5,9.0,0,0.0
Nisha Menon,1VB20EC092,2020,ECE,72.9,71.5,8.08,0,78.4,57.1,48.7,43.8,4.8,4.1,3.1,4.1,1.0,1.3,1,0,1,0,0,0,0,2.8,7.4,9.9,0,0.0
Pallavi Naidu,1VB22CV093,2022,CIVIL,43.5,46.0,4.31,2,74.7,16.7,57.0,62.6,2.6,0.6,3.0,0.4,2.2,3.5,3,3,1,1,0,0,0,4.9,8.1,10.0,0,0.0
Pooja Hegde,1VB20CV094,2020,CIVIL,98.5,84.1,8.93,0,86.1,100.0,40.9,35.9,3.8,3.0,3.9,1.9,0.5,1.4,2,1,1,1,0,0,0,8.0,6.2,,0,0.0
Prabhu Gowda,1VB22EC095,2022,ECE,52.6,42.0,5.22,1,44.1,51.3,55.5,46.0,3.0,4.0,2.5,2.7,0.8,2.9,2,2,0,0,0,0,0,5.4,5.0,9.0,0,0.0
Prasad Patil,1VB20IS096,2020,ISE,71.2,72.1,7.78,0,82.1,69.0,39.1,30.6,7.3,7.7,5.5,5.7,7.3,3.1,1,0,1,0,0,0,0,5.2,6.7,7.2,1,19.09
Preethi Shinde,1VB22EC097,2022,ECE,70.9,90.7,8.82,0,59.4,75.9,57.0,57.7,6.4,5.4,6.1,5.5,5.5,5.8,0,6,1,0,1,2,22500,3.9,7.0,9.8,1,19.78
Priya More,1VB22ME098,2022,MECH,71.4,66.4,7.05,0,74.2,55.4,63.0,58.8,1.5,2.6,0.0,1.1,2.1,0.0,2,2,1,1,0,0,0,8.8,7.9,10.0,0,0.0
Rahul Desai,1VB22EE099,2022,EEE,52.6,74.3,5.58,3,41.2,56.0,80.0,61.8,2.4,2.7,1.7,1.9,0.6,0.7,2,2,3,2,0,0,0,5.3,6.9,10.0,0,0.0
Rajesh Bhat,1VB21EC000,2021,ECE,35.0,35.0,4.67,1,42.0,10.0,38.2,41.0,2.2,3.6,1.4,2.9,0.0,4.0,4,5,1,0,0,0,0,6.1,5.0,5.1,0,0.0
Rakesh Kamath,1VB20CS001,2020,CSE,67.0,56.3,5.98,1,46.6,81.0,57.9,48.3,6.1,5.3,5.7,1.9,2.7,5.4,2,2,4,0,0,0,0,0.8,6.3,9.7,1,14.25
Ramesh Shetty,1VB21EC002,2021,ECE,64.4,68.2,6.78,0,63.4,71.9,63.8,57.2,5.4,4.9,5.3,2.8,1.6,1.8,3,0,3,1,0,0,0,2.1,6.8,9.0,1,12.11
Ravi Murthy,1VB20CS003,2020,CSE,60.4,75.8,7.12,0,68.6,43.2,40.7,38.6,6.2,5.7,5.5,4.4,7.1,1.7,2,3,2,1,1,1,15100,6.7,5.8,8.8,1,15.25
Rekha Kulkarni,1VB22CS004,2022,CSE,63.5,55.9,6.79,1,79.4,37.1,82.6,76.5,6.8,4.3,5.3,7.6,8.2,5.0,1,1,1,0,0,0,0,7.3,9.1,10.0,1,15.24
Rohan Deshpande,1VB21DS005,2021,DS,60.6,62.6,5.19,4,44.7,,56.1,39.8,7.4,7.3,5.8,7.5,4.5,6.3,5,1,0,0,0,0,0,7.5,8.0,10.0,1,19.46
Sahana Jain,1VB22DS006,2022,DS,66.9,41.3,4.01,3,51.6,55.3,51.9,44.5,6.2,7.5,6.2,7.2,4.4,3.9,0,3,2,0,0,0,0,5.0,6.6,9.6,0,0.0
Sandeep Shah,1VB22DS007,2022,DS,46.1,35.0,4.41,0,30.1,42.6,64.4,67.0,9.1,7.5,9.0,5.3,6.3,3.3,1,1,2,0,0,0,0,6.8,5.5,9.3,1,18.19
Sangeetha Mehta,1VB22ME008,2022,MECH,78.8,71.6,7.33,0,63.2,61.4,51.8,48.0,5.7,4.8,4.8,8.6,4.1,4.6,0,0,1,1,0,0,0,6.2,8.0,7.6,0,0.0
Sanjay Tiwari,1VB22IS009,2022,ISE,66.5,82.6,6.41,0,61.3,55.0,55.9,48.2,6.8,3.8,6.0,5.4,5.1,5.5,0,2,1,0,0,0,0,8.4,7.1,10.0,0,0.0
Santosh Sharma,1VB21ME010,2021,MECH,70.8,63.8,6.52,0,47.7,54.7,25.3,14.3,5.8,4.2,5.4,6.4,2.6,2.8,2,4,0,0,1,5,20800,3.5,5.5,6.6,0,0.0
Sarika Verma,1VB22CS011,2022,CSE,91.8,92.2,8.79,0,66.3,58.0,56.0,55.5,6.9,8.9,5.2,5.4,2.9,1.5,4,3,1,1,0,0,0,1.6,6.9,10.0,1,18.12
Seema Patel,1VB20CS012,2020,CSE,70.2,60.6,6.9,0,56.4,32.0,98.5,96.8,5.3,5.0,2.5,3.3,3.1,1.8,2,2,3,1,1,2,19100,5.2,8.4,9.8,1,14.95
Shilpa Nair,1VB21IS013,2021,ISE,99.0,79.4,10.0,0,82.4,64.5,69.3,69.4,8.4,7.1,6.4,7.8,8.8,5.1,1,1,1,0,0,0,0,7.0,7.7,10.0,1,19.66
Shiva Reddy,1VB21EC014,2021,ECE,81.6,84.3,8.0,0,76.7,58.3,69.9,65.1,8.0,6.4,6.2,2.8,4.9,6.1,1,1,1,1,1,5,16000,8.2,5.4,10.0,1,18.86
Shreya Kumar,1VB21ME015,2021,MECH,62.7,79.2,7.64,0,77.4,68.4,51.6,45.7,8.5,6.6,6.0,5.7,5.7,6.1,2,3,0,1,1,3,19200,6.6,4.4,7.7,1,15.81
Siddharth Singh,1VB21EC016,2021,ECE,65.4,61.6,5.22,1,40.8,71.1,45.9,39.2,6.7,7.1,6.2,6.2,4.2,3.3,3,1,0,0,0,0,0,5.4,6.1,9.9,0,0.0
Sneha Rao,1VB21CS017,2021,CSE,47.2,56.3,4.8,3,39.1,25.8,51.8,50.3,6.5,7.5,4.6,5.1,4.6,4.0,2,1,0,0,0,0,0,4.2,5.6,,0,0.0
Suhas Joshi,1VB21EE018,2021,EEE,59.2,73.6,6.57,1,48.1,63.6,46.1,43.4,5.5,4.6,5.6,1.7,5.5,2.4,4,2,1,0,1,5,16100,7.2,4.0,7.9,0,0.0
Sujan Gupta,1VB20EC019,2020,ECE,57.4,59.7,7.61,0,45.7,39.2,40.7,33.1,6.0,4.0,4.7,5.1,3.5,2.3,0,1,0,1,1,4,12600,4.2,8.3,8.6,0,0.0
Suma Iyer,1VB20CS020,2020,CSE,35.0,35.4,4.0,2,36.7,23.6,64.7,49.9,6.7,7.2,5.8,6.4,5.8,4.4,1,4,1,1,0,0,0,4.4,8.0,10.0,0,0.0
Sunitha Pillai,1VB20EE021,2020,EEE,55.4,55.8,6.21,0,36.4,60.1,46.6,43.9,1.7,1.1,2.2,2.4,1.6,2.5,5,4,4,0,0,0,0,6.5,6.1,9.6,0,0.0
Suresh Menon,1VB21IS022,2021,ISE,50.5,46.9,4.12,1,42.1,23.2,65.4,53.8,4.6,2.4,4.2,4.1,4.7,3.5,2,6,1,0,1,5,15600,7.1,5.5,10.0,0,0.0
Swathi Naidu,1VB21CS023,2021,CSE,55.6,63.3,6.2,0,38.0,58.2,72.1,67.1,5.2,2.6,5.6,6.1,3.6,3.5,2,1,3,0,1,3,15800,3.1,6.0,10.0,0,0.0
Tarun Hegde,1VB21EE024,2021,EEE,71.0,58.5,5.59,3,64.7,59.9,80.1,63.5,2.0,2.9,2.0,1.4,2.6,4.2,2,3,0,2,0,0,0,7.7,5.1,10.0,0,0.0
Tejas Gowda,1VB22ME025,2022,MECH,69.7,71.4,7.07,0,,55.3,77.5,75.3,6.1,6.4,5.9,6.0,2.4,3.5,0,2,2,1,1,1,12800,4.0,7.3,10.0,0,0.0
Uday Patil,1VB20CS026,2020,CSE,65.0,57.9,5.99,0,48.9,16.9,60.8,56.0,3.7,4.3,1.6,4.4,3.5,3.0,3,4,0,0,0,0,0,4.0,9.2,10.0,0,0.0
Uma Shinde,1VB20EE027,2020,EEE,80.8,87.0,8.58,0,75.9,86.2,65.1,46.4,8.0,6.3,6.3,7.3,4.7,5.6,1,0,2,0,1,3,19500,4.5,6.2,7.3,1,18.67
Varsha More,1VB20EC028,2020,ECE,65.7,65.4,6.94,0,65.0,46.5,63.5,65.4,6.2,5.6,4.7,5.9,6.3,3.1,1,1,1,2,0,0,0,8.9,5.9,10.0,0,0.0
Vijay Desai,1VB22CV029,2022,CIVIL,95.7,88.9,8.88,0,86.6,97.8,62.0,54.9,4.6,4.5,4.8,3.6,1.9,5.7,4,7,1,0,0,0,0,5.6,8.2,8.8,0,0.0
Vikas Bhat,1VB20EE030,2020,EEE,40.4,44.6,4.0,1,57.4,23.1,63.0,,5.4,3.7,5.5,2.9,5.0,2.6,1,0,1,0,0,0,0,5.8,8.6,10.0,0,0.0
Vinod Kamath,1VB22AI031,2022,AIML,55.8,66.6,7.19,1,72.3,86.2,59.5,51.8,10.0,8.8,9.0,5.3,7.1,7.0,4,3,1,0,0,0,0,5.5,4.0,8.1,1,19.1
Vishnu Shetty,1VB22CS032,2022,CSE,35.0,35.0,4.0,1,40.6,53.4,33.9,39.9,4.6,2.4,2.9,4.0,1.5,4.5,6,1,2,2,0,0,0,5.4,5.5,9.4,0,0.0
Yamini Murthy,1VB22CV033,2022,CIVIL,48.5,79.2,6.65,0,76.6,64.4,84.4,74.4,4.3,4.9,4.2,3.2,0.5,4.3,5,2,0,1,1,6,12900,4.7,7.8,10.0,0,0.0
Yashoda Kulkarni,1VB22IS034,2022,ISE,56.5,46.3,5.45,4,61.3,43.0,75.0,61.9,1.7,0.1,1.3,0.0,0.4,0.8,4,0,1,0,0,0,0,6.4,6.1,10.0,0,0.0
Zoya Deshpande,1VB21IS035,2021,ISE,73.1,64.2,7.87,0,62.8,68.7,37.9,20.7,9.2,8.8,7.6,7.6,7.0,4.4,2,4,1,1,1,5,19800,6.2,3.8,8.8,1,18.62
Riya Jain,1VB22DS036,2022,DS,68.2,75.6,7.81,0,56.7,73.2,62.6,49.0,9.2,6.9,7.7,7.7,7.6,4.7,1,5,1,0,0,0,0,5.9,9.3,10.0,1,18.89
Manish Shah,1VB22EC037,2022,ECE,50.2,35.0,4.28,3,35.9,26.7,49.0,,7.4,5.6,6.3,6.2,5.3,4.3,1,7,3,0,0,0,0,4.6,4.7,10.0,0,0.0
Darshan Mehta,1VB21EC038,2021,ECE,35.0,36.3,4.0,0,65.2,,25.9,18.8,2.6,3.7,3.5,1.0,2.2,2.3,1,2,2,0,0,0,0,8.6,7.3,6.7,0,0.0
Keerthi Tiwari,1VB22CV039,2022,CIVIL,56.3,55.6,5.94,3,21.4,36.1,55.3,33.7,4.3,3.5,4.3,3.5,4.3,6.0,2,0,0,2,0,0,0,1.6,3.7,6.8,0,0.0
Aarav Sharma,1VB22DS040,2022,DS,60.2,72.8,6.54,0,56.9,31.3,42.7,48.1,6.2,7.4,5.9,5.4,1.7,3.4,2,4,0,0,0,0,0,3.1,5.9,10.0,1,14.99
Aditya Verma,1VB21EE041,2021,EEE,59.2,77.6,5.75,3,63.0,69.5,53.2,45.3,5.5,5.4,3.8,4.5,3.1,2.0,3,1,1,2,0,0,0,6.0,10.0,10.0,0,0.0
Akash Patel,1VB20CS042,2020,CSE,57.4,45.5,4.89,4,48.6,38.5,68.2,52.7,7.9,6.8,4.8,5.8,5.4,5.5,1,1,0,1,0,0,0,5.6,8.7,6.6,0,0.0
Amit Nair,1VB20IS043,2020,ISE,100.0,93.8,9.99,0,100.0,67.6,59.8,49.8,8.2,8.1,7.2,5.7,7.2,3.1,2,3,2,0,0,0,0,8.6,7.6,8.4,1,22.0
Ananya Reddy,1VB22EC044,2022,ECE,65.9,61.2,7.02,1,54.4,44.0,46.0,33.4,7.4,5.0,5.9,6.4,5.3,4.5,7,0,1,1,1,6,25900,8.1,4.4,8.0,1,16.13
Anjali Kumar,1VB21DS045,2021,DS,77.2,63.0,6.52,0,58.8,65.7,88.0,76.6,4.0,4.2,4.0,0.0,1.9,1.5,1,0,2,0,1,1,13000,3.1,8.7,10.0,1,13.92
Arjun Singh,1VB22DS046,2022,DS,94.2,100.0,8.43,0,80.2,62.8,52.3,36.1,7.8,8.4,6.4,4.8,6.1,2.9,3,2,2,0,1,3,24600,2.0,7.9,10.0,1,19.7
Aryan Rao,1VB21EE047,2021,EEE,87.8,71.2,7.71,0,73.3,68.7,67.4,65.9,7.1,6.4,5.4,7.3,4.4,0.7,0,3,0,0,0,0,0,8.4,6.5,8.0,1,13.55
Ashok Joshi,1VB20ME048,2020,MECH,85.6,82.3,7.43,0,84.1,48.3,87.7,81.7,2.8,3.3,2.2,1.0,3.5,2.5,2,4,0,0,0,0,0,6.5,4.4,10.0,0,0.0
Bhavana Gupta,1VB22CV049,2022,CIVIL,64.4,67.8,7.66,0,35.9,59.3,78.9,56.2,4.3,5.9,4.9,3.4,2.7,5.5,1,2,1,1,0,0,0,5.2,7.3,10.0,0,0.0
Charan Iyer,1VB21ME050,2021,MECH,65.1,57.7,5.3,3,32.4,43.1,63.1,75.8,4.5,4.3,5.2,6.9,5.8,0.8,3,1,0,0,0,0,0,6.4,5.7,,0,0.0
Chinmay Pillai,1VB22ME051,2022,MECH,35.0,35.0,4.0,1,44.6,45.4,36.2,40.1,4.7,5.8,4.0,5.5,4.1,0.0,2,1,0,0,0,0,0,5.2,5.8,5.0,0,0.0
Deepa Menon,1VB21IS052,2021,ISE,94.6,100.0,10.0,0,72.4,72.0,28.6,,10.0,8.9,7.0,7.7,7.8,6.2,3,4,2,1,1,1,22200,7.0,7.0,7.8,1,22.0
Deepak Naidu,1VB21CS053,2021,CSE,82.2,74.8,7.25,1,80.0,74.8,69.6,69.1,7.0,6.8,5.2,4.3,4.3,9.3,5,1,2,0,1,5,19000,5.8,3.8,10.0,1,14.72
Divya Hegde,1VB21ME054,2021,MECH,72.7,75.0,6.55,0,47.7,53.9,51.4,44.2,3.1,1.9,3.0,3.3,3.7,0.9,5,2,1,0,0,0,0,6.0,7.7,9.4,0,0.0
Ganesh Gowda,1VB21DS055,2021,DS,95.7,88.3,9.16,0,89.7,85.5,56.2,37.6,6.4,6.2,3.4,7.0,6.9,3.3,2,1,1,0,1,4,16900,6.1,6.9,7.8,1,16.79
Geeta Patil,1VB22CS056,2022,CSE,67.2,84.7,7.79,0,60.7,68.1,58.9,61.3,7.3,7.6,5.8,5.4,3.6,7.5,3,2,2,0,0,0,0,7.9,4.8,8.4,1,18.84
Gopal Shinde,1VB21IS057,2021,ISE,70.5,52.2,7.92,0,55.9,63.5,53.6,53.1,7.8,7.4,6.4,7.0,3.9,5.6,1,3,4,0,1,4,22800,7.0,4.5,9.7,1,18.83
Harish More,1VB20CV058,2020,CIVIL,74.6,79.2,8.27,0,54.5,40.1,79.7,51.3,4.0,4.1,3.2,3.6,4.6,1.5,6,5,0,1,1,2,11000,7.6,4.2,10.0,0,0.0
Harsha Desai,1VB21ME059,2021,MECH,100.0,100.0,10.0,0,100.0,83.4,62.5,54.2,7.0,5.7,6.6,7.8,3.5,2.4,2,2,2,0,1,2,18500,3.8,5.5,10.0,1,17.49
Hemanth Bhat,1VB22AI060,2022,AIML,56.9,51.0,6.63,1,62.5,50.6,53.1,55.0,5.3,6.0,2.3,4.7,3.7,1.4,3,2,1,0,1,1,12100,6.1,5.8,8.7,1,13.12
Indu Kamath,1VB20IS061,2020,ISE,67.7,79.7,7.58,0,56.8,84.9,74.0,73.3,7.8,6.0,7.7,5.3,7.3,5.3,3,1,1,1,1,2,27700,3.7,3.7,9.1,1,19.29
Jagadish Shetty,1VB20EC062,2020,ECE,78.4,61.3,8.1,0,63.8,85.6,62.1,48.4,3.6,3.5,1.4,0.1,1.2,2.8,2,4,2,0,1,5,13300,7.6,7.4,10.0,1,13.1
Jaya Murthy,1VB20ME063,2020,MECH,69.2,49.0,6.27,0,56.8,54.2,66.6,53.5,3.1,2.3,3.3,1.5,2.6,2.9,4,0,2,0,0,0,0,5.1,7.1,10.0,0,0.0
Karthik Kulkarni,1VB20IS064,2020,ISE,100.0,87.7,7.9,0,55.7,86.7,63.8,58.7,6.8,3.3,4.7,3.9,5.6,6.3,0,0,2,2,1,2,19000,6.6,5.6,8.6,1,15.06
Kavitha Deshpande,1VB22CS065,2022,CSE,94.4,86.1,9.67,0,78.7,100.0,64.0,58.5,10.0,10.0,8.6,6.3,5.9,9.8,2,4,2,1,0,0,0,7.1,7.3,10.0,1,22.0
Kiran Jain,1VB21AI066,2021,AIML,61.5,39.6,5.48,1,39.8,36.5,83.4,81.8,5.9,4.0,3.9,3.2,6.3,8.1,0,4,0,0,1,1,13800,7.4,9.0,10.0,0,0.0
Kriti Shah,1VB20DS067,2020,DS,55.9,61.5,6.45,0,73.8,63.7,45.3,42.9,4.4,4.4,1.7,0.4,5.4,2.8,3,2,3,0,1,1,14700,7.4,7.4,8.1,1,18.39
Kumar Mehta,1VB21CS068,2021,CSE,100.0,92.0,8.09,0,81.1,67.7,57.1,57.7,6.8,4.8,6.2,6.4,3.2,5.4,8,2,1,0,1,4,15300,5.6,7.7,9.6,1,16.97
Lakshmi Tiwari,1VB22IS069,2022,ISE,36.7,40.2,5.12,0,76.4,21.3,49.1,42.5,6.9,6.1,7.9,7.8,4.7,2.6,1,5,1,1,0,0,0,6.7,9.0,10.0,1,13.99
Lavanya Sharma,1VB22IS070,2022,ISE,45.8,52.9,4.0,2,30.1,10.0,54.2,54.9,4.3,2.3,3.2,3.0,5.9,2.8,2,3,0,0,0,0,0,5.3,7.3,10.0,0,0.0
Lokesh Verma,1VB22CS071,2022,CSE,70.1,65.4,6.05,0,47.1,42.6,72.3,67.2,9.0,10.0,8.3,4.4,7.2,9.3,2,3,1,0,0,0,0,2.5,7.7,10.0,1,19.78
Madhu Patel,1VB20ME072,2020,MECH,58.3,72.2,6.72,0,57.1,50.6,58.9,64.2,2.9,3.9,2.1,3.5,1.8,1.8,1,2,2,0,1,5,11300,9.6,6.7,10.0,0,0.0
Mahesh Nair,1VB22EC073,2022,ECE,74.6,70.8,8.43,0,62.6,63.2,68.7,61.8,5.5,5.8,6.2,2.4,4.6,3.3,1,2,1,0,0,0,0,4.9,6.4,10.0,0,0.0
Mala Reddy,1VB21CV074,2021,CIVIL,69.8,87.0,7.93,0,48.4,100.0,66.2,58.2,6.0,3.0,6.8,6.1,1.8,3.9,2,2,1,2,1,3,19700,0.5,9.0,10.0,0,0.0
Meena Kumar,1VB21ME075,2021,MECH,79.8,80.4,6.07,0,45.2,62.7,57.7,58.3,8.3,8.1,6.3,6.5,9.4,5.6,3,2,1,0,0,0,0,5.5,5.9,10.0,0,0.0
Mohan Singh,1VB21DS076,2021,DS,49.2,35.0,4.0,2,18.5,,64.5,62.6,4.3,4.0,4.3,4.4,2.9,3.4,4,3,0,0,0,0,0,7.3,6.6,10.0,0,0.0
Monisha Rao,1VB22CS077,2022,CSE,45.1,53.0,5.24,0,42.0,42.6,38.9,33.1,5.8,5.0,4.7,3.4,2.7,5.6,4,2,1,0,0,0,0,7.7,7.8,8.7,0,0.0
Mukesh Joshi,1VB20CS078,2020,CSE,68.9,44.4,5.75,1,34.6,46.9,36.1,33.6,4.1,4.0,3.0,3.0,2.8,2.0,0,2,3,0,0,0,0,8.6,7.3,6.7,0,0.0
Naveen Gupta,1VB21CS079,2021,CSE,79.7,94.3,8.8,0,75.0,59.3,78.7,71.5,10.0,10.0,7.8,7.7,4.8,7.2,3,0,0,1,1,3,25200,4.0,4.5,10.0,1,22.0
Neha Iyer,1VB22CS080,2022,CSE,42.6,50.2,5.33,0,21.9,27.7,96.2,79.1,2.3,0.0,3.1,4.5,1.4,0.4,3,4,1,0,0,0,0,6.0,7.3,10.0,0,0.0
Nikhil Pillai,1VB21ME081,2021,MECH,81.5,77.2,8.8,0,75.9,88.8,87.7,75.9,5.8,6.7,4.7,2.8,2.2,6.4,3,1,1,0,0,0,0,7.0,8.5,10.0,1,13.78
Nisha Menon,1VB21CS082,2021,CSE,65.7,86.0,7.91,0,60.6,62.8,64.7,60.1,6.0,5.1,4.2,5.0,4.9,4.8,5,1,0,0,0,0,0,6.8,7.7,10.0,1,17.28
Pallavi Naidu,1VB20CS083,2020,CSE,67.3,57.7,7.11,2,71.5,67.8,61.6,48.9,3.3,2.5,1.7,4.2,2.8,1.1,5,1,2,0,0,0,0,7.0,7.7,9.9,0,0.0
Pooja Hegde,1VB20IS084,2020,ISE,54.8,49.8,4.82,0,26.2,18.4,62.9,,5.3,4.1,6.8,4.3,2.1,2.5,3,0,1,0,1,6,18500,2.7,6.4,9.1,0,0.0
Prabhu Gowda,1VB21EC085,2021,ECE,69.3,80.4,8.68,0,72.8,53.1,62.1,56.3,6.0,4.6,6.0,3.8,3.3,4.9,1,1,0,0,0,0,0,5.4,8.6,8.0,1,16.52
Prasad Patil,1VB22EC086,2022,ECE,94.1,74.0,8.33,0,92.2,38.8,45.7,38.9,7.2,6.0,4.8,5.0,2.3,4.7,2,2,0,1,0,0,0,7.1,8.2,8.6,1,17.23
Preethi Shinde,1VB20EC087,2020,ECE,35.0,41.8,4.0,3,10.0,34.9,76.2,73.3,2.1,4.1,2.6,0.9,2.9,0.0,0,0,1,1,1,4,4800,1.8,3.4,10.0,0,0.0
Priya More,1VB22ME088,2022,MECH,51.2,44.9,5.98,2,51.2,14.1,56.4,51.9,3.9,3.1,3.8,3.1,2.1,0.7,1,4,3,1,0,0,0,7.8,6.0,10.0,0,0.0
Rahul Desai,1VB22AI089,2022,AIML,72.4,66.6,8.04,0,64.2,70.1,73.4,73.0,6.0,5.9,6.1,3.3,5.1,3.0,2,2,0,0,1,2,18800,6.7,7.0,10.0,1,18.27
Rajesh Bhat,1VB20EC090,2020,ECE,76.0,98.7,8.96,0,70.9,75.2,78.3,81.7,5.7,4.1,3.1,4.7,1.7,7.5,3,3,0,0,0,0,0,9.5,9.3,10.0,1,13.57
Rakesh Kamath,1VB20CS091,2020,CSE,79.0,85.2,6.91,0,53.6,78.5,82.9,75.4,7.8,6.2,6.8,5.3,6.9,4.6,1,2,0,0,1,4,21300,8.3,5.8,9.8,1,19.1
Ramesh Shetty,1VB21CS092,2021,CSE,51.0,46.4,5.13,3,49.7,36.2,83.2,83.9,6.9,6.9,6.0,5.5,3.5,5.0,1,2,0,0,0,0,0,8.6,6.7,9.7,0,0.0
Ravi Murthy,1VB21EC093,2021,ECE,83.1,68.5,6.39,0,72.1,42.6,97.5,82.5,5.1,5.7,3.5,2.8,3.8,3.0,5,3,0,2,0,0,0,3.9,6.8,10.0,0,0.0
Rekha Kulkarni,1VB22CS094,2022,CSE,73.5,61.9,6.5,1,63.0,84.4,73.3,78.8,4.9,4.8,6.5,5.4,2.3,5.2,3,4,0,0,0,0,0,4.6,5.8,10.0,1,13.51
Rohan Deshpande,1VB20EE095,2020,EEE,70.7,51.9,5.94,3,66.8,58.7,82.3,72.4,2.4,2.6,2.2,2.5,2.8,1.6,4,0,0,1,0,0,0,4.0,7.8,10.0,0,0.0
Sahana Jain,1VB21EC096,2021,ECE,69.6,81.7,8.77,0,85.2,49.1,85.0,75.9,6.7,6.5,5.3,6.4,2.6,5.4,1,0,0,1,1,1,15400,7.2,4.7,10.0,1,21.54
Sandeep Shah,1VB21AI097,2021,AIML,90.7,94.0,8.7,0,89.1,46.5,62.8,62.9,10.0,10.0,9.6,9.4,6.6,10.0,3,1,1,1,1,3,25500,6.1,4.0,8.2,1,21.86
Sangeetha Mehta,1VB21CS098,2021,CSE,77.4,73.0,8.01,0,71.3,38.5,49.2,40.0,10.0,8.8,10.0,9.3,7.9,6.0,3,0,1,0,1,2,23400,6.4,6.6,8.6,1,21.73
Sanjay Tiwari,1VB22EE099,2022,EEE,75.0,70.9,7.27,0,73.6,,62.6,69.9,6.7,7.8,6.0,3.7,5.9,4.7,1,1,2,1,1,4,18900,4.5,9.8,7.8,1,15.77
Santosh Sharma,1VB22DS000,2022,DS,84.0,87.9,7.99,0,71.4,63.1,58.9,53.4,5.8,5.1,4.7,6.7,5.7,0.0,3,1,0,0,0,0,0,5.4,6.6,9.3,1,15.44
Sarika Verma,1VB21ME001,2021,MECH,81.3,90.9,8.22,0,,78.3,87.6,82.2,8.5,6.4,6.5,7.2,2.3,6.3,2,4,2,0,1,3,32100,7.7,4.3,10.0,1,16.24
Seema Patel,1VB20EE002,2020,EEE,48.2,36.4,4.43,2,,42.8,71.2,65.4,5.5,3.4,5.0,5.5,4.8,1.2,1,0,2,0,0,0,0,4.8,6.4,10.0,0,0.0
Shilpa Nair,1VB21IS003,2021,ISE,79.6,68.7,8.21,0,51.3,74.7,77.2,,6.2,5.0,4.8,8.6,5.2,0.0,4,0,5,1,1,3,22000,7.6,10.0,8.6,1,15.47
Shiva Reddy,1VB20CV004,2020,CIVIL,89.4,88.2,7.33,0,53.1,71.1,48.9,45.5,5.7,7.1,5.5,5.9,4.0,2.8,2,0,1,0,0,0,0,8.2,5.6,10.0,0,0.0
Shreya Kumar,1VB21ME005,2021,MECH,50.4,35.0,4.36,2,28.6,30.4,62.4,45.2,3.2,4.3,3.5,2.2,2.0,3.9,0,1,1,0,0,0,0,4.6,5.3,8.6,0,0.0
Siddharth Singh,1VB21CS006,2021,CSE,75.1,65.3,6.88,0,60.0,54.2,83.3,66.6,4.3,5.0,5.0,2.5,3.6,0.0,3,0,2,0,1,6,12900,6.0,8.7,10.0,1,13.23
Sneha Rao,1VB21EC007,2021,ECE,76.8,80.1,7.3,1,60.7,67.4,54.4,48.4,6.4,6.2,4.5,4.6,3.5,0.9,6,3,0,1,0,0,0,4.0,7.7,10.0,1,16.56
Suhas Joshi,1VB20AI008,2020,AIML,40.5,35.0,4.0,3,31.0,45.9,53.4,45.2,5.2,2.3,3.3,3.6,4.1,3.2,3,3,1,0,0,0,0,5.9,9.0,7.1,0,0.0
Sujan Gupta,1VB21EC009,2021,ECE,77.5,85.5,8.65,0,68.9,50.9,64.8,53.1,4.6,3.7,3.4,2.7,3.5,3.5,3,1,3,0,1,2,15400,3.6,6.6,9.9,1,17.13
Suma Iyer,1VB20EC010,2020,ECE,61.3,82.3,7.71,0,62.1,67.7,50.8,41.6,5.1,4.3,4.0,3.0,2.1,4.7,2,0,0,1,0,0,0,5.5,5.8,10.0,0,0.0
Sunitha Pillai,1VB21DS011,2021,DS,58.6,81.7,5.42,1,35.7,51.9,67.9,62.3,4.3,4.2,2.3,4.3,4.8,2.2,2,2,0,1,0,0,0,7.9,7.5,10.0,0,0.0
Suresh Menon,1VB21CS012,2021,CSE,70.7,66.7,5.91,2,37.2,39.7,56.4,51.4,2.6,3.1,2.6,3.0,0.1,0.0,5,2,1,1,0,0,0,6.1,6.0,8.2,0,0.0
Swathi Naidu,1VB21CS013,2021,CSE,86.3,73.1,9.01,0,79.7,84.8,59.7,58.3,10.0,9.6,10.0,10.0,8.3,6.7,4,2,0,0,0,0,0,3.7,6.4,9.2,1,22.0
Tarun Hegde,1VB22EC014,2022,ECE,69.9,46.1,6.37,0,50.1,52.6,58.6,50.4,5.3,3.8,5.6,2.9,3.1,3.9,2,5,0,0,0,0,0,0.9,7.4,10.0,0,0.0
Tejas Gowda,1VB22IS015,2022,ISE,71.7,59.3,7.84,0,69.6,49.7,58.0,48.4,5.9,5.8,4.3,5.1,2.2,5.0,1,2,1,0,1,4,10400,4.6,5.8,8.7,1,17.34
Uday Patil,1VB21CS016,2021,CSE,61.2,67.0,5.07,2,61.1,39.7,55.4,,10.0,7.2,8.8,8.4,8.4,5.0,1,0,0,1,0,0,0,7.0,6.5,8.0,1,16.52
Uma Shinde,1VB22CV017,2022,CIVIL,66.0,71.1,7.35,0,77.4,66.9,36.9,26.8,5.5,5.1,3.4,5.2,2.4,2.2,4,1,0,0,0,0,0,3.1,6.7,7.7,0,0.0
Varsha More,1VB21CS018,2021,CSE,62.1,48.6,5.97,0,45.6,34.0,76.2,79.6,7.4,7.1,7.4,6.0,2.4,5.8,4,2,0,1,0,0,0,4.8,5.7,10.0,1,16.75
Vijay Desai,1VB20AI019,2020,AIML,71.5,97.0,7.93,0,67.0,80.8,60.8,66.3,7.0,6.4,5.1,3.5,6.8,7.1,3,4,0,0,1,6,24200,5.0,5.6,,1,18.49
Vikas Bhat,1VB22CS020,2022,CSE,92.9,84.1,8.87,0,83.7,64.4,52.0,44.9,6.0,7.9,5.9,5.8,4.9,3.8,2,0,3,0,1,5,19800,3.8,3.2,9.1,1,19.64
Vinod Kamath,1VB21EC021,2021,ECE,63.2,57.6,6.95,0,46.7,35.8,65.9,50.2,8.7,8.3,9.2,8.4,6.1,6.4,2,3,0,0,0,0,0,4.7,7.1,10.0,1,21.1
Vishnu Shetty,1VB20CS022,2020,CSE,44.7,35.0,5.28,2,49.7,51.2,33.3,40.7,4.0,3.7,2.1,3.8,2.0,2.5,2,1,1,0,0,0,0,6.1,6.9,,0,0.0
Yamini Murthy,1VB20CS023,2020,CSE,67.5,70.3,6.7,0,83.4,56.2,82.3,58.9,6.2,6.7,5.0,5.7,2.9,5.1,1,2,1,1,1,6,22500,2.2,6.1,10.0,1,18.02
Yashoda Kulkarni,1VB21CS024,2021,CSE,83.3,75.6,7.22,0,75.3,48.1,68.7,59.1,4.3,4.1,3.2,2.9,2.2,2.6,0,2,3,0,0,0,0,8.2,5.0,9.1,0,0.0
Zoya Deshpande,1VB22IS025,2022,ISE,62.1,71.3,6.4,0,59.5,37.9,79.5,63.6,5.9,5.4,5.1,1.7,7.2,4.5,4,0,1,2,0,0,0,6.3,7.2,10.0,0,0.0
Riya Jain,1VB21IS026,2021,ISE,40.7,36.6,4.14,3,40.2,40.2,60.3,56.2,7.0,9.3,5.7,4.5,4.3,4.2,3,2,0,2,0,0,0,6.0,6.1,9.4,0,0.0
Manish Shah,1VB21CS027,2021,CSE,92.6,100.0,8.59,0,77.7,83.0,68.2,68.1,8.9,9.0,6.8,7.5,5.4,7.3,1,0,4,0,0,0,0,7.2,8.1,10.0,1,18.69
Darshan Mehta,1VB22EE028,2022,EEE,49.1,57.0,6.08,0,64.4,58.5,80.7,77.4,6.8,4.8,5.2,4.8,4.9,2.1,2,0,1,0,0,0,0,10.0,6.2,10.0,0,0.0
Keerthi Tiwari,1VB21CS029,2021,CSE,61.2,67.6,6.48,0,38.0,64.3,55.0,48.1,6.7,6.6,5.7,5.4,4.8,6.3,1,2,1,0,1,2,19900,4.5,4.2,8.1,1,15.46
Aarav Sharma,1VB21AI030,2021,AIML,74.1,57.7,7.21,2,48.8,53.2,59.2,39.9,7.6,6.5,6.8,6.5,5.5,4.9,2,1,1,2,1,2,19700,5.0,5.0,10.0,1,16.38
Aditya Verma,1VB22CS031,2022,CSE,53.4,70.0,5.19,1,34.1,43.7,58.3,50.1,5.4,2.7,5.0,6.9,5.0,2.0,0,3,0,1,0,0,0,5.6,8.3,8.6,0,0.0
Akash Patel,1VB21ME032,2021,MECH,79.7,67.9,8.83,0,85.0,69.5,73.6,65.6,5.9,4.5,4.5,3.4,2.7,3.1,1,2,1,0,1,3,14400,8.0,7.0,10.0,1,15.8
Amit Nair,1VB20EC033,2020,ECE,64.5,80.7,7.01,0,56.9,79.8,47.6,42.8,4.7,5.8,3.1,5.1,4.0,0.4,1,0,2,1,1,4,12700,7.5,5.5,9.9,1,15.2
Ananya Reddy,1VB21IS034,2021,ISE,62.1,86.7,5.95,2,69.0,54.4,69.1,57.4,3.5,5.2,2.9,3.0,0.4,3.0,3,7,1,1,0,0,0,7.5,7.0,9.0,0,0.0
Anjali Kumar,1VB21IS035,2021,ISE,81.3,73.5,7.92,0,72.8,77.0,76.7,72.5,6.3,4.5,3.7,6.8,4.0,5.2,3,3,2,0,1,6,20900,4.1,7.5,10.0,1,15.16
Arjun Singh,1VB22CS036,2022,CSE,50.0,35.2,4.57,2,41.6,44.7,71.8,63.0,5.9,4.4,5.4,3.4,2.2,3.4,1,1,3,1,0,0,0,4.9,6.9,8.6,0,0.0
Aryan Rao,1VB22EC037,2022,ECE,83.2,91.0,8.14,0,94.4,76.6,88.5,67.5,8.9,7.3,7.7,8.1,3.4,7.4,1,1,0,1,1,6,20300,4.1,5.7,10.0,1,19.77
Ashok Joshi,1VB20DS038,2020,DS,53.7,66.2,5.43,3,37.5,39.8,86.9,78.0,4.6,3.1,5.3,1.3,3.4,3.0,1,0,1,0,0,0,0,5.2,4.4,10.0,0,0.0
Bhavana Gupta,1VB22CS039,2022,CSE,67.7,67.6,8.21,0,68.6,55.1,56.6,58.0,9.1,7.4,8.4,9.6,8.1,3.4,1,0,0,0,1,1,24900,6.0,6.2,9.2,1,19.94
Charan Iyer,1VB20EC040,2020,ECE,37.7,46.9,4.16,4,36.3,37.2,67.1,58.1,3.3,4.2,2.6,2.6,4.2,0.0,1,2,1,0,0,0,0,7.1,8.0,10.0,0,0.0
Chinmay Pillai,1VB21EC041,2021,ECE,45.6,55.5,4.91,0,72.5,52.6,55.7,56.6,6.1,4.6,4.1,4.8,5.0,4.4,2,0,1,1,0,0,0,7.5,6.4,6.5,0,0.0
Deepa Menon,1VB20EE042,2020,EEE,80.0,68.2,8.03,0,63.5,96.5,48.1,44.7,4.9,4.7,1.9,3.0,3.8,3.6,1,4,0,1,1,2,12200,7.7,5.3,6.3,0,0.0
Deepak Naidu,1VB20IS043,2020,ISE,82.0,83.1,7.45,2,65.8,76.6,61.0,64.7,5.6,5.4,5.8,3.2,4.5,3.2,5,1,0,0,1,2,16100,6.1,5.5,7.5,1,15.85
Divya Hegde,1VB22CS044,2022,CSE,87.2,78.0,8.68,0,83.2,73.3,64.3,36.3,6.6,6.7,2.7,6.6,1.9,7.1,3,1,1,0,1,3,15100,5.9,8.3,8.0,1,18.08
Ganesh Gowda,1VB20EC045,2020,ECE,69.5,79.8,8.44,0,83.4,90.2,53.7,47.8,5.7,6.8,4.1,3.0,4.5,4.1,1,4,3,1,0,0,0,6.6,5.6,5.5,1,16.82
Geeta Patil,1VB21AI046,2021,AIML,39.2,41.6,4.07,2,33.9,48.9,57.0,49.4,3.8,3.1,4.5,2.3,3.0,5.0,4,2,5,1,0,0,0,7.8,9.4,7.3,0,0.0
Gopal Shinde,1VB22IS047,2022,ISE,70.3,61.5,6.01,0,45.7,65.2,33.0,27.6,4.4,3.8,3.7,5.3,3.3,3.7,1,4,1,0,0,0,0,6.4,5.6,6.8,0,0.0
Harish More,1VB20EC048,2020,ECE,64.4,60.2,5.53,1,54.4,61.7,52.8,49.8,4.2,4.0,4.5,2.7,3.9,3.5,3,0,0,0,0,0,0,5.2,8.7,10.0,0,0.0
Harsha Desai,1VB21DS049,2021,DS,59.3,58.0,7.15,0,34.5,93.1,56.7,43.0,2.3,0.8,2.0,1.7,0.5,1.6,5,2,2,0,0,0,0,5.3,7.8,8.0,0,0.0
Hemanth Bhat,1VB21EE050,2021,EEE,63.0,84.5,6.75,0,51.6,64.8,96.1,91.9,3.2,4.0,3.1,4.0,6.0,0.7,2,3,0,0,0,0,0,4.4,3.8,,0,0.0
Indu Kamath,1VB20EC051,2020,ECE,45.0,56.5,4.98,0,26.2,28.0,75.3,57.0,5.4,4.2,4.0,3.7,4.5,3.7,1,3,0,0,0,0,0,6.6,6.4,8.7,0,0.0
Jagadish Shetty,1VB22IS052,2022,ISE,64.1,71.7,6.08,0,76.9,42.6,33.5,32.7,5.2,3.2,5.9,3.5,6.8,3.8,5,2,0,0,0,0,0,8.5,5.9,7.8,0,0.0
Jaya Murthy,1VB22IS053,2022,ISE,58.1,51.2,7.61,0,47.6,48.7,54.9,56.8,6.9,6.3,5.5,4.0,6.2,6.2,4,1,1,0,1,6,20800,3.9,6.6,,1,16.81
Karthik Kulkarni,1VB20EC054,2020,ECE,55.6,60.7,6.75,0,69.2,71.0,39.0,,1.8,1.0,0.0,0.6,0.0,0.1,3,4,1,1,0,0,0,9.0,8.2,5.5,0,0.0
Kavitha Deshpande,1VB20IS055,2020,ISE,62.6,57.6,6.94,0,68.8,65.2,74.7,68.3,6.9,5.4,6.5,2.1,6.5,4.7,5,4,2,0,1,1,17200,5.2,5.3,6.8,1,14.32
Kiran Jain,1VB22EC056,2022,ECE,45.4,65.3,4.14,4,42.0,46.6,47.3,42.2,3.2,3.8,1.5,2.1,2.8,3.3,2,2,0,0,0,0,0,4.4,6.8,10.0,0,0.0
Kriti Shah,1VB20IS057,2020,ISE,66.5,88.1,5.56,4,76.4,,60.8,39.6,4.2,2.4,1.4,1.7,0.0,2.4,3,2,0,0,0,0,0,8.3,8.6,10.0,0,0.0
Kumar Mehta,1VB20CS058,2020,CSE,63.2,88.0,6.65,1,51.1,39.9,46.2,38.8,5.4,4.9,4.1,5.3,3.5,2.7,3,5,1,3,0,0,0,4.5,4.3,,0,0.0
Lakshmi Tiwari,1VB22AI059,2022,AIML,64.2,67.5,5.46,0,55.3,47.8,32.9,23.6,8.7,8.3,7.7,7.6,8.1,4.8,2,2,2,1,0,0,0,3.9,8.1,3.7,1,19.51
Lavanya Sharma,1VB21AI060,2021,AIML,73.7,78.1,6.01,0,60.9,45.3,81.2,73.0,6.3,5.5,3.8,6.7,6.0,4.4,4,3,2,0,0,0,0,4.3,7.4,,1,15.64
Lokesh Verma,1VB21CS061,2021,CSE,93.6,100.0,9.06,0,59.2,81.0,40.0,39.4,6.2,4.0,4.5,6.8,3.8,4.1,3,1,0,0,1,2,17200,3.7,7.6,5.8,1,15.41
Madhu Patel,1VB22CS062,2022,CSE,80.7,88.2,7.44,1,70.9,65.5,80.6,63.6,8.3,5.1,7.1,5.6,3.8,6.6,2,5,2,0,1,4,23500,4.5,4.7,10.0,1,17.73
Mahesh Nair,1VB22CV063,2022,CIVIL,71.7,53.5,6.81,0,47.3,39.6,65.2,69.7,3.0,2.4,2.4,2.1,1.1,2.5,4,3,0,2,0,0,0,4.4,7.6,8.4,0,0.0
Mala Reddy,1VB22CS064,2022,CSE,63.3,47.4,4.89,0,38.8,55.2,50.6,37.1,2.3,3.2,1.1,1.8,1.4,0.0,3,3,1,1,0,0,0,6.3,6.8,7.6,0,0.0
Meena Kumar,1VB20IS065,2020,ISE,66.9,61.0,5.56,4,54.5,44.8,76.7,67.5,5.5,5.8,5.3,6.3,2.5,1.6,1,0,1,0,0,0,0,6.6,6.7,10.0,0,0.0
Mohan Singh,1VB20DS066,2020,DS,53.6,47.5,4.78,4,40.4,33.6,61.2,64.6,5.3,4.5,5.3,3.7,2.1,5.3,2,3,2,0,0,0,0,8.5,6.3,8.8,0,0.0
Monisha Rao,1VB20IS067,2020,ISE,64.7,67.7,5.6,2,73.3,,68.2,56.8,6.0,6.1,5.4,7.2,6.0,4.8,1,1,2,0,0,0,0,2.7,6.4,10.0,0,0.0
Mukesh Joshi,1VB21CS068,2021,CSE,62.0,72.3,7.51,0,37.0,71.0,96.1,92.6,6.5,4.0,6.8,5.2,5.1,4.8,2,3,0,1,1,1,19200,7.8,6.2,10.0,1,16.52
Naveen Gupta,1VB22CS069,2022,CSE,64.5,67.4,5.65,2,59.2,59.2,45.9,43.6,3.9,3.2,1.9,3.4,1.6,3.8,1,4,3,0,0,0,0,5.7,8.1,8.9,0,0.0
Neha Iyer,1VB21IS070,2021,ISE,75.4,60.7,7.06,0,52.2,50.6,77.1,70.7,7.2,8.4,5.8,5.4,3.9,2.1,2,5,1,1,0,0,0,8.4,9.4,10.0,1,18.98
Nikhil Pillai,1VB21DS071,2021,DS,85.8,89.9,8.2,0,78.3,53.9,58.7,59.2,7.0,5.9,5.7,6.5,5.4,5.8,4,0,1,0,1,6,18000,7.3,4.7,10.0,1,17.87
Nisha Menon,1VB21CS072,2021,CSE,84.3,63.3,8.0,0,60.2,77.2,60.0,69.8,6.3,6.5,6.0,5.2,1.8,4.9,2,3,3,0,0,0,0,10.0,6.1,10.0,1,16.22
Pallavi Naidu,1VB22CS073,2022,CSE,58.9,62.0,6.12,0,27.4,43.2,63.7,53.8,3.6,2.5,2.6,3.1,1.3,2.1,3,0,0,0,1,4,11600,4.1,5.1,10.0,0,0.0
Pooja Hegde,1VB21CS074,2021,CSE,79.5,69.6,8.47,0,52.5,62.7,28.9,28.0,8.6,7.4,5.6,7.5,4.6,5.9,3,3,1,0,1,1,26400,3.7,6.7,6.0,1,20.87
Prabhu Gowda,1VB22IS075,2022,ISE,48.2,55.4,5.55,3,56.4,72.1,56.7,47.3,5.8,4.8,3.7,4.3,5.3,3.8,2,1,2,0,0,0,0,5.6,6.6,9.8,0,0.0
Prasad Patil,1VB21IS076,2021,ISE,70.8,51.4,6.79,0,80.2,57.0,65.2,48.6,5.3,5.0,4.4,5.4,1.4,5.9,1,3,1,0,1,4,10600,6.0,6.1,10.0,1,15.4
Preethi Shinde,1VB22EE077,2022,EEE,44.6,47.6,4.0,2,55.1,51.2,59.6,49.0,3.5,1.2,2.5,2.5,1.9,1.6,3,3,1,0,0,0,0,7.9,6.4,10.0,0,0.0
Priya More,1VB21EC078,2021,ECE,63.1,65.0,8.07,0,74.4,56.9,49.6,36.7,6.5,6.0,3.9,6.0,5.1,5.2,1,4,1,2,1,3,27900,8.5,8.8,7.5,1,15.04
Rahul Desai,1VB22CV079,2022,CIVIL,69.5,66.8,6.05,0,,61.8,64.9,,4.8,5.4,5.8,1.5,0.3,1.8,3,5,1,2,0,0,0,6.3,5.5,10.0,0,0.0
Rajesh Bhat,1VB22ME080,2022,MECH,81.8,78.5,7.73,0,,58.1,73.6,81.0,6.1,4.1,5.0,3.8,0.6,4.9,0,0,2,0,1,1,18700,4.7,6.4,10.0,0,0.0
Rakesh Kamath,1VB21IS081,2021,ISE,56.8,64.2,6.43,0,59.5,54.3,49.0,55.4,7.5,5.5,5.3,8.1,4.4,2.9,2,1,0,0,0,0,0,9.2,8.5,7.4,1,15.82
Ramesh Shetty,1VB20ME082,2020,MECH,72.4,62.3,7.22,0,72.4,33.8,66.1,71.9,4.6,4.4,4.8,4.2,2.4,2.4,1,0,0,0,1,4,14000,7.9,3.9,10.0,0,0.0
Ravi Murthy,1VB20AI083,2020,AIML,45.6,48.3,4.22,3,19.1,63.8,43.7,38.1,4.6,3.9,4.1,3.5,5.4,0.9,3,3,1,0,0,0,0,6.6,6.5,7.2,0,0.0
Rekha Kulkarni,1VB20CS084,2020,CSE,67.6,61.7,7.36,0,56.4,73.5,75.8,73.7,6.6,7.7,5.6,3.5,5.3,2.3,6,3,0,0,0,0,0,7.1,8.7,10.0,1,17.11
Rohan Deshpande,1VB22EC085,2022,ECE,78.9,77.5,8.44,0,,41.8,60.6,,7.6,8.0,6.9,7.8,7.6,6.7,2,1,0,0,1,1,20900,6.0,6.9,7.7,1,19.34
Sahana Jain,1VB21IS086,2021,ISE,55.5,45.8,5.93,2,37.3,34.4,43.4,33.8,5.9,4.2,5.1,5.4,6.1,2.0,2,2,1,0,0,0,0,7.0,6.4,7.0,0,0.0
Sandeep Shah,1VB20ME087,2020,MECH,77.0,86.3,7.57,0,,66.3,61.8,55.8,4.3,3.8,2.8,3.9,3.4,3.9,3,3,2,1,1,5,12200,3.5,4.4,,0,0.0
Sangeetha Mehta,1VB22EC088,2022,ECE,86.8,70.2,7.93,0,69.4,31.2,53.9,,6.7,6.8,6.5,1.9,1.2,5.9,3,0,0,0,1,4,20600,9.0,5.9,10.0,1,16.86
Sanjay Tiwari,1VB21EC089,2021,ECE,80.3,100.0,8.44,0,70.8,48.9,78.7,70.9,4.6,4.3,4.6,5.3,2.9,2.7,1,2,1,0,0,0,0,7.9,8.7,10.0,1,14.08
Santosh Sharma,1VB22CV090,2022,CIVIL,78.9,87.0,7.75,0,69.4,73.1,63.1,36.4,6.1,6.5,5.5,4.5,5.9,5.3,2,2,1,0,1,3,16600,5.6,7.5,9.0,0,0.0
Sarika Verma,1VB21IS091,2021,ISE,63.7,50.6,5.23,4,31.5,51.4,73.2,69.9,2.8,1.6,4.3,2.1,2.6,2.5,3,2,1,0,0,0,0,3.5,8.1,10.0,0,0.0
Seema Patel,1VB21IS092,2021,ISE,42.3,52.5,4.82,0,56.3,30.6,75.6,66.2,6.8,5.8,5.4,4.5,6.6,4.1,1,0,2,0,0,0,0,5.9,4.5,9.8,0,0.0
Shilpa Nair,1VB20IS093,2020,ISE,65.4,43.0,4.0,0,47.0,,68.3,75.9,8.3,8.3,8.2,7.7,6.4,3.6,0,4,1,0,0,0,0,6.4,7.0,9.9,1,14.41
Shiva Reddy,1VB21ME094,2021,MECH,81.8,78.6,7.49,0,53.8,80.9,100.0,86.7,6.3,5.8,6.0,2.7,4.2,4.4,0,1,1,1,0,0,0,6.1,6.3,10.0,0,0.0
Shreya Kumar,1VB21EE095,2021,EEE,38.1,40.5,5.02,2,61.9,47.5,62.4,51.3,1.8,1.9,1.7,2.7,2.3,1.8,2,1,1,0,0,0,0,5.8,7.7,9.8,0,0.0
Siddharth Singh,1VB20ME096,2020,MECH,35.0,35.0,4.19,2,34.5,12.0,79.9,66.9,3.6,3.9,2.0,2.0,1.3,3.1,5,0,0,1,0,0,0,5.9,8.1,10.0,0,0.0
Sneha Rao,1VB22AI097,2022,AIML,50.6,36.4,5.36,1,33.7,63.8,61.3,49.5,5.7,4.7,5.0,4.5,4.4,3.0,1,2,1,0,0,0,0,7.1,7.7,,0,0.0
Suhas Joshi,1VB21CS098,2021,CSE,63.0,80.1,5.53,0,65.6,58.0,47.2,,9.0,7.6,8.0,8.7,8.4,6.0,1,0,0,0,0,0,0,5.5,6.2,,1,19.75
Sujan Gupta,1VB21EE099,2021,EEE,37.9,40.9,4.0,2,41.8,26.4,67.2,56.6,6.1,7.0,3.0,3.5,5.6,3.0,2,4,1,0,1,4,17100,7.5,5.1,10.0,0,0.0
